CHROM	POS	ID	REF	ALT	if_MuTect	if_Strelka	if_VarScan2	if_VarDict	if_LoFreq	if_Scalpel	VarScan2_Score	if_dbsnp	COMMON	if_COSMIC	COSMIC_CNT	Consistent_Mates	Inconsistent_Mates	Seq_Complexity_Span	Seq_Complexity_Adj	M2_TLOD	M2_ECNT	MSI	MSILEN	SHIFT3	MaxHomopolymer_Length	SiteHomopolymer_Length	T_DP	tBAM_REF_MQ	tBAM_ALT_MQ	tBAM_p_MannWhitneyU_MQ	tBAM_REF_BQ	tBAM_ALT_BQ	tBAM_p_MannWhitneyU_BQ	tBAM_REF_NM	tBAM_ALT_NM	tBAM_NM_Diff	tBAM_REF_Concordant	tBAM_REF_Discordant	tBAM_ALT_Concordant	tBAM_ALT_Discordant	tBAM_Concordance_FET	T_REF_FOR	T_REF_REV	T_ALT_FOR	T_ALT_REV	tBAM_StrandBias_FET	tBAM_p_MannWhitneyU_EndPos	tBAM_REF_Clipped_Reads	tBAM_ALT_Clipped_Reads	tBAM_Clipping_FET	tBAM_MQ0	tBAM_Other_Reads	tBAM_Poor_Reads	tBAM_REF_InDel_3bp	tBAM_REF_InDel_2bp	tBAM_REF_InDel_1bp	tBAM_ALT_InDel_3bp	tBAM_ALT_InDel_2bp	tBAM_ALT_InDel_1bp	InDel_Length	if_Caller_0	TrueVariant_or_False
chr1	11216965	.	ACCCCCAAGGCTGTCCTGTCCTAGAGCATTATAAAGTTTAAGTGAAGGCCTTCCTACTTAGCAGCTGAGATAGAATGGAGAGAGAAAAACACCAAAAGTGAAAGATGATTCCTGAGAAGTATCAAGTGGAACAAAATGAGTCTGAAGTGAGAACTCCGTGTGGGGGAAGCCTTCCTTTCAAATCCAAAGATCAAAGAGACGAAGTCTCTTGCAGCCACACATGCCATCATTCTAGGAAGCTCACCATT	A	0	0	nan	1	nan	0	nan	0	0	0	nan	0	0	12.663203372620766	13.569814009931315	nan	nan	2	1	10	5	2	0	nan	nan	nan	nan	nan	nan	nan	nan	nan	0	0	0	0	1.00	0	0	0	0	1.00	nan	0	0	1.00	0	0	0	0	0	0	0	0	0	-247	0	nan
chr1	16255141	.	GGA	G	0	0	nan	1	nan	0	nan	0	0	0	nan	7	0	11.320415743996328	11.27445822710484	46.21	1	6	2	10	4	2	2619	60	60	1	26.0415	26.2973	0.651792	0.0784466	1.94444	-0.134002	2560	16	36	1	0.22	1371	1205	21	16	0.74	0.824829	0	0	1.00	0	6	0	0	0	0	0	0	0	-2	0	nan
chr1	27023256	.	CCGGCGGCGGCGGTGGCGGCAGCAGCGATGGGGTGGGGGCGCCTCCTCACTCAGCCGCGGCCGCCTTGCCGCCCCCAGCCTACGGCTTCGGGCAACCCTACGGCCGGAGCCCGTCTGCCGTCGCCGCCGCCGCGGCCGCCGTCTTCCACCAACAACATGGCGGACAACAAAGCCCTGGCCTGGCAGCGCTGCAGAG	C	0	0	nan	1	nan	0	nan	0	0	0	nan	1	0	12.020794410073883	11.139433523068371	nan	nan	3	1	12	5	3	566	59.9764	60	0.571903	30.4073	27.5	0.000109169	0.584071	0.4375	-195.147	451	99	16	0	0.09	414	136	11	5	0.56	1.53176e-07	0	0	1.00	0	0	0	0	0	0	0	0	0	-195	0	nan
chr1	27023450	.	AGCG	A	0	0	nan	1	nan	0	nan	0	0	0	nan	9	1	10.717456725123819	11.509269185600067	93.06	2	4	3	10	5	2	2380	60	60	1	25.3352	26.9107	0.995035	0.414634	3.12766	-0.286975	2208	95	47	9	0.00	1275	1028	27	29	0.34	0.976729	0	0	1.00	0	21	0	0	0	0	0	0	0	-3	1	nan
chr1	27100181	.	CGCA	C	0	0	nan	0	nan	0	nan	0	0	0	nan	16	4	8.085042377378004	8.085042377378004	232.12	1	8	3	21	7	7	2507	60	60	1	26.3571	26.2929	0.451377	0.122602	2.94898	-0.173623	2388	8	97	2	0.06	1274	1122	52	47	0.92	0.999781	0	0	1.00	0	8	0	0	0	0	0	0	0	-3	1	nan
chr1	40367598	.	G	GC	0	0	nan	0	nan	0	nan	0	0	0	nan	13	0	10.152643165599336	10.881360887005513	nan	nan	nan	nan	nan	7	1	368	60	60	1	24.435	29.6181	1	1.48421	3.97959	1.49538	188	35	49	95	0.00	95	128	24	120	0.00	1	0	0	1.00	0	1	0	0	0	0	0	0	0	1	1	nan
chr1	40367598	.	G	GCC	0	0	nan	0	nan	0	nan	0	0	0	nan	13	0	10.152643165599336	10.881360887005513	8.1	2	nan	nan	nan	7	1	368	60	60	1	24.435	29.6181	1	1.48421	3.97959	0.495381	188	35	49	95	0.00	95	128	24	120	0.00	1	0	0	1.00	0	1	0	0	0	0	0	0	0	2	1	nan
chr1	40367598	.	G	GCCC	0	0	nan	1	nan	0	nan	0	0	0	nan	13	0	10.152643165599336	10.881360887005513	25.04	2	11	1	8	7	1	368	60	60	1	24.435	29.6181	1	1.48421	3.97959	-0.504619	188	35	49	95	0.00	95	128	24	120	0.00	1	0	0	1.00	0	1	0	0	0	0	0	0	0	3	1	nan
chr1	59248123	.	GGCT	G	0	0	nan	1	nan	0	nan	0	0	0	nan	5	2	9.621546277452365	10.082594149912751	79.7	1	5	3	13	4	2	1387	60	60	1	26.9368	27.5714	0.940068	0.197299	3.02778	-0.169522	1331	13	36	6	0.00	603	741	15	27	0.27	0.999999	0	0	1.00	0	0	0	0	0	0	0	0	0	-3	1	nan
chr1	65306996	.	G	GT	0	0	nan	1	nan	0	nan	0	0	0	nan	11	2	14.923855712795955	12.418465678788756	69.86	1	9	1	8	8	3	2081	60	60	1	25.762	27.4382	0.999287	0.0998479	1.14118	0.0413285	1962	21	84	5	0.00	1067	916	43	46	0.33	0.779828	0	0	1.00	0	9	0	4	4	4	0	0	0	1	1	nan
chr1	65339110	.	C	CT	0	0	nan	1	nan	0	nan	0	0	0	nan	27	0	13.127777385010779	13.492945723268402	60.25	1	9	1	8	8	2	2539	60	60	1	25.6617	24.6509	0.0272452	0.0932063	1.1619	0.0686985	2406	9	105	1	0.35	1248	1167	52	54	0.62	0.614933	0	0	1.00	0	18	0	0	0	0	0	0	0	1	1	nan
chr1	78430689	.	A	AG	0	0	nan	0	nan	1	nan	0	0	0	nan	0	0	13.058288785457496	13.417414344363948	nan	nan	nan	nan	nan	7	7	0	nan	nan	nan	nan	nan	nan	nan	nan	nan	0	0	0	0	1.00	0	0	0	0	1.00	nan	0	0	1.00	0	0	0	0	0	0	0	0	0	1	0	nan
chr1	78444764	.	C	CGGCCG	1	1	nan	1	nan	0	nan	0	0	0	nan	19	0	13.270181776156882	12.539110792802566	549.77	1	3	1	5	4	2	891	60	60	1	27.489	27.4845	0.566728	0.128276	4.4359	-0.692378	718	11	156	5	0.19	162	567	32	129	0.60	0.998865	0	0	1.00	0	0	0	0	0	0	0	0	0	5	1	nan
chr1	120612002	.	CGG	C	0	0	nan	1	nan	0	nan	0	0	0	nan	9	0	10.757856503141216	8.77282723385658	29.98	8	4	1	2	5	2	1176	55.0915	37.4458	8.66831e-34	24.9369	23.6024	0.0478701	2.7882	3.85915	-0.929046	1029	63	63	19	0.00	483	609	59	23	0.00	0.943556	0	0	1.00	0	0	0	0	0	0	0	0	0	-2	1	nan
chr1	120612029	.	T	TCGC	0	0	nan	1	nan	0	nan	0	0	0	nan	0	0	8.696409810917826	8.903255799516339	nan	nan	2	1	4	3	2	1051	54.5699	39.5	0.0129114	24.7347	20	0.109396	3.32066	6	-0.320658	961	83	2	0	1.00	442	602	2	0	0.18	0.399649	0	0	1.00	0	5	0	86	86	0	0	0	0	3	0	nan
chr1	120612037	.	TCCTCCGCCG	T	0	0	nan	1	nan	0	nan	0	0	0	nan	40	1	8.747205066210578	9.176487071628685	358.36	8	6	3	2	2	2	998	56.2275	39.844	7.36447e-54	25.3221	23.367	0.000291326	2.76392	9.07	-2.69392	815	73	100	9	1.00	356	532	54	55	0.06	0.99998	0	0	1.00	0	1	0	200	0	0	0	0	0	-9	1	nan
chr1	120612040	.	T	TCCTCCGCCG	0	1	nan	1	nan	0	nan	0	0	0	nan	28	19	8.721733176071776	9.1204482964487	381.48	8	8	3	2	2	2	974	57.5304	51.9838	6.0792e-55	24.9271	25.9892	0.997488	1.16346	9.22642	-0.937046	613	45	159	26	0.00	280	378	52	133	0.00	1	0	0	1.00	0	131	0	0	0	0	0	0	0	9	1	nan
chr1	120612040	.	T	TCCTCCTCCG	0	0	nan	0	nan	0	nan	0	0	0	nan	28	19	8.721733176071776	9.1204482964487	nan	nan	nan	nan	nan	2	2	974	57.5304	51.9838	6.0792e-55	24.9271	25.9892	0.997488	1.16346	9.22642	-0.937046	613	45	159	26	0.00	280	378	52	133	0.00	1	0	0	1.00	0	131	0	0	0	0	0	0	0	9	1	nan
chr1	150551491	.	GTCC	G	0	0	nan	1	nan	0	nan	0	0	0	nan	12	2	12.0754233670889	12.359377082683551	116.37	1	4	3	11	4	2	2987	60	60	1	25.9295	25.9688	0.628662	0.151526	3	-0.151526	2904	15	58	6	0.00	1382	1537	30	34	1.00	0.992826	0	0	1.00	0	2	0	0	0	0	0	0	0	-3	1	nan
chr1	179091050	.	ATTTT	A	0	0	nan	0	nan	1	nan	0	0	0	nan	0	0	5.866554881214441	6.166187114988873	nan	nan	nan	nan	nan	20	3	0	nan	nan	nan	nan	nan	nan	nan	nan	nan	0	0	0	0	1.00	0	0	0	0	1.00	nan	0	0	1.00	0	0	0	0	0	0	0	0	0	-4	0	nan
chr1	193091319	.	AG	A	0	0	nan	1	nan	0	nan	0	0	0	nan	6	0	12.020794410073883	10.047988828817688	6.26	1	8	1	7	8	2	1706	60	60	1	24.9653	26.3571	0.966764	0.193036	1.04545	-0.147581	1633	10	21	7	0.00	996	647	14	14	0.33	0.959597	0	0	1.00	0	35	0	0	0	0	0	0	0	-1	0	nan
chr1	226259212	.	C	CAA	0	0	nan	0	nan	0	nan	0	0	0	nan	18	1	10.082594149912751	9.590413923210935	nan	nan	nan	nan	nan	18	2	800	48.7158	35.2716	1.25145e-08	24.0956	23.4568	0.534426	0.539773	2.16393	-0.375838	352	35	61	20	0.00	111	276	22	59	0.89	1	0	0	1.00	0	332	0	0	0	0	0	0	0	2	1	nan
chr1	226259212	.	CAA	C	0	0	nan	0	nan	0	nan	0	0	0	nan	0	0	10.082594149912751	9.590413923210935	96.65	2	nan	nan	nan	18	2	800	48.7158	42.9881	3.36784e-09	24.0956	28.8333	1	0.539773	2	-0.539773	352	35	70	14	0.05	111	276	0	84	0.00	0.999971	0	0	1.00	0	329	0	0	0	0	0	0	0	-2	1	nan
chr1	226259212	.	CA	C	0	1	nan	0	nan	0	nan	0	0	0	nan	0	0	10.082594149912751	9.590413923210935	274.95	2	nan	nan	nan	17	2	800	48.7158	41.9194	6.63064e-23	24.0956	27.5968	1	0.539773	1.44242	-0.0973485	352	35	165	21	0.45	111	276	1	185	0.00	0.999806	0	0	1.00	0	227	0	0	0	0	0	0	0	-1	1	nan
chr1	226259212	.	C	CA	0	0	nan	0	nan	0	nan	0	0	0	nan	18	1	10.082594149912751	9.590413923210935	17.99	2	nan	nan	nan	17	2	800	48.7158	35.2716	1.25145e-08	24.0956	23.4568	0.534426	0.539773	2.16393	0.624162	352	35	61	20	0.00	111	276	22	59	0.89	1	0	0	1.00	0	332	0	0	0	0	0	0	0	1	1	nan
chr2	25463585	.	GC	G	1	0	nan	1	nan	0	nan	0	0	0	nan	35	3	16.138077341650593	14.519569142239884	183.13	1	4	1	3	4	4	1889	60	60	1	25.2661	25.0203	0.3141	0.301323	1.40136	0.100038	1731	9	147	1	0.56	746	994	72	76	0.19	0.25017	0	0	1.00	0	1	0	0	0	0	0	0	0	-1	1	nan
chr2	25536890	.	TG	T	0	0	nan	1	nan	0	nan	0	0	0	nan	0	0	11.183976937330868	11.509269185600067	nan	nan	6	1	5	6	2	0	nan	nan	nan	nan	nan	nan	nan	nan	nan	0	0	0	0	1.00	0	0	0	0	1.00	nan	0	0	1.00	0	0	0	0	0	0	0	0	0	-1	0	nan
chr2	25966872	.	TG	T	1	0	nan	1	nan	0	nan	0	0	0	nan	3	0	13.343174163571872	13.127777385010779	12.53	1	7	1	6	7	2	2157	60	60	1	26.9909	30.7627	1	0.188143	1.58333	0.39519	2033	61	24	35	0.00	1094	1000	11	48	0.00	1	0	0	1.00	0	4	0	0	0	0	0	0	0	-1	0	nan
chr2	29416647	.	GCTC	G	0	0	nan	1	nan	0	nan	0	0	0	nan	10	2	12.0754233670889	11.656501753807134	154.8	3	3	3	7	4	2	1953	60	60	1	25.8547	27.5556	0.999737	0.791555	3.57812	-0.21343	1863	14	64	8	0.00	791	1086	21	51	0.03	0.999981	0	0	1.00	0	2	0	0	0	0	0	0	0	-3	1	nan
chr2	48025967	.	TG	T	1	0	nan	1	nan	0	nan	0	0	0	nan	25	4	12.243558357185407	12.663203372620766	83.81	1	5	1	4	5	2	3257	60	60	1	25.378	24.7905	0.131119	0.0708161	1.02885	-0.04197	3136	15	104	1	0.41	1640	1511	48	57	0.23	0.321209	0	0	1.00	0	1	0	0	0	0	0	0	0	-1	1	nan
chr2	48030639	.	A	AC	0	0	nan	0	nan	0	nan	0	0	0	nan	10	0	16.42771430100376	14.717009724197446	53.4	2	nan	nan	nan	8	2	3175	60	60	1	25.0451	27.45	0.999979	0.127782	1.32051	0.192731	2956	13	77	3	0.01	1478	1491	39	41	0.91	0.217628	0	0	1.00	0	126	0	0	0	0	0	0	0	1	1	nan
chr2	48030639	.	AC	A	0	0	nan	1	nan	0	nan	0	0	0	nan	23	1	16.42771430100376	14.717009724197446	72.08	2	8	1	7	8	2	3175	60	60	1	25.0451	25.3905	0.758319	0.127782	1.05825	-0.0695291	2956	13	103	2	0.09	1478	1491	55	50	0.62	0.739404	0	0	1.00	0	101	0	0	0	0	0	0	0	-1	1	nan
chr2	96919780	.	ATGC	A	0	0	nan	1	nan	0	nan	0	0	0	nan	12	0	13.417414344363948	12.301081646076316	116.99	1	4	3	11	3	2	2198	60	60	1	25.3939	25.8727	0.764777	0.110642	2.83333	-0.277309	2123	12	54	1	0.28	1005	1130	25	30	0.89	0.196388	0	0	1.00	0	8	0	0	0	0	0	0	0	-3	1	nan
chr2	109381429	.	AAAGGAAGGACAGTGGGATTGCAGTGCATGTTTGGTACAAAATGAGGGGAGCTCTACAAAATGTGCTGCTTGTCAGAATCCGAGAAAACAGAGTCTACCTGCTACTTCTATTCCAACACCTGCCTCTTTTAAGTTTGGTACTTCAGAGACAAGTAAAACTCTAAAAAGTGGATTTGAAGACATGTTTGCTAAGAAGGAAGGACAGTGGGATTGCAGTTCATGCTTAGTGCGAAATGAAGCAAATGCTACAAGATGTGTTGCTTGTCAGAATCCGGATAAACCAAGTCCATCTACTTCTGTTCCAGCTCCTGCCTCTTTTAAGTTTGGTACTTCAGAGACAAGCAAGGCTCCAAAGAGCGGATTTGAGGGAATGTTCACTAAG	A	0	0	nan	1	nan	0	nan	0	0	0	nan	0	0	13.891660843645319	13.727756681763637	nan	nan	3	1	5	6	3	0	nan	nan	nan	nan	nan	nan	nan	nan	nan	0	0	0	0	1.00	0	0	0	0	1.00	nan	0	0	1.00	0	0	0	0	0	0	0	0	0	-381	0	nan
chr2	109381616	.	GCTAAGAAGGAAGGACAGTGGGATTGCAGTTCATGCTTAGTGCGAAATGAAGCAAATGCTACAAGATGTGTTGCTTGTCAGAATCCGGATAAACCAAGTCCATCTACTTCTGTTCCAGCTCCTGCCTCTTTTAAGTTTGGTACTTCAGAGACAAGCAAGGCTCCAAAGAGCGGATTTGAGGGAATGTTCACTAAGAAGGAGGGACAGTGGGATTGCAGTGTGTGCTTAGTAAGAAATGAAGCCAGTGCTACCAAATGTATTGCTTGTCAGAATCCAGGTAAACAAAATCAAACTACTTCTGCAGTTTCAACACCTGCCTCTTCAGAGACAAGCAAGGCTCCAAAGAGCGGATTTGAGGGAATGTTCACTAAGAAGGAGGGACAGTGGGATTGCAGTGTGTGCTTAGTAAGAAATGAAGCCAGTGCTACCAAATGTATTGCTTGTCAGAATCCAGGTAAACAAAATCAAACTACTTCTGCAGTTTCAACACCTGCCTCTTCAGAGACAAGCAAGGCTCCAAAGAGCGGATTTGAGGGAATGTTCA	G	0	0	nan	1	nan	0	nan	0	0	0	nan	0	0	13.648067385050878	14.330715700636144	nan	nan	1	1	29	4	2	0	nan	nan	nan	nan	nan	nan	nan	nan	nan	0	0	0	0	1.00	0	0	0	0	1.00	nan	0	0	1.00	0	0	0	0	0	0	0	0	0	-543	0	nan
chr2	141598473	.	A	AT	0	0	nan	0	nan	1	nan	0	0	0	nan	0	0	13.569814009931315	13.270181776156882	nan	nan	nan	nan	nan	10	10	0	nan	nan	nan	nan	nan	nan	nan	nan	nan	0	0	0	0	1.00	0	0	0	0	1.00	nan	0	0	1.00	0	0	0	0	0	0	0	0	0	1	0	nan
chr2	198267770	.	G	GAA	0	0	nan	0	nan	1	nan	0	0	0	nan	0	0	12.989894540154445	13.808935583985427	nan	nan	nan	nan	nan	5	2	0	nan	nan	nan	nan	nan	nan	nan	nan	nan	0	0	0	0	1.00	0	0	0	0	1.00	nan	0	0	1.00	0	0	0	0	0	0	0	0	0	2	0	nan
chr2	215645502	.	GTGGTGAAGAACATTCAGGCAA	G	0	0	nan	1	nan	0	nan	0	0	0	nan	15	2	17.07229419327295	16.280481732796684	315.29	3	2	1	4	5	5	2365	60	60	1	26.496	28.4538	1	0.632763	13.6168	-8.01594	2202	44	106	13	0.00	1104	1142	48	71	0.07	0.917173	0	0	1.00	0	0	0	1	0	0	0	0	0	-21	1	nan
chr2	227660049	.	CGCT	C	0	0	nan	1	nan	0	nan	0	0	0	nan	5	2	11.706709767557639	10.25988181951707	22.7	1	5	3	12	3	3	1485	60	60	1	26.5258	27.1935	0.961453	0.474576	2.85	-0.624576	1351	100	20	11	0.00	610	841	7	24	0.04	0.996481	0	0	1.00	0	1	0	0	0	0	0	0	0	-3	0	nan
chr3	10088406	.	TAGTA	T	0	1	nan	0	nan	0	nan	0	0	0	nan	0	0	15.736905109570774	13.975992519013953	nan	nan	nan	nan	nan	3	3	2294	45.7279	nan	nan	26.1592	nan	nan	2.68907	nan	nan	2228	65	0	0	1.00	842	1451	0	0	1.00	nan	0	0	1.00	0	1	0	624	624	624	0	0	0	-4	1	nan
chr3	10132127	.	AT	A	0	0	nan	0	nan	1	nan	0	0	0	nan	0	0	6.000194496794257	6.000194496794257	nan	nan	nan	nan	nan	20	2	0	nan	nan	nan	nan	nan	nan	nan	nan	nan	0	0	0	0	1.00	0	0	0	0	1.00	nan	0	0	1.00	0	0	0	0	0	0	0	0	0	-1	0	nan
chr3	30691871	.	G	GA	0	0	nan	0	nan	0	nan	0	0	0	nan	21	3	13.492945723268402	13.569814009931315	62.09	1	nan	nan	nan	10	3	2447	60	60	1	24.8942	24.934	0.566007	0.11991	1.12381	0.00390002	2203	9	104	2	0.09	1028	1184	45	61	0.43	0.654862	0	0	1.00	0	129	0	0	0	0	0	0	0	1	1	nan
chr3	30691871	.	GA	G	0	0	nan	1	nan	0	nan	0	0	0	nan	26	4	13.492945723268402	13.569814009931315	83.02	1	10	1	9	10	3	2447	60	60	1	24.8942	25.3583	0.705574	0.11991	1.0084	-0.111506	2203	9	119	1	0.41	1028	1184	49	71	0.26	0.967055	0	0	1.00	0	115	0	0	0	0	0	0	0	-1	1	nan
chr3	41266075	.	C	CAACTATCAAGATGATGCAGAACTTGCCACACGTGCAATCCCTGAACTGACAAAACTGCTAAATGACGAGGACCAGGTAAGCAATGACATAGCTAGCTTTTTAGTCTGCTTTGAAGTAAA	1	0	nan	0	nan	0	nan	0	0	0	nan	6	5	15.25385831382522	15.141048209728318	155.08	1	nan	nan	nan	5	2	2152	60	60	1	25.5575	28.8704	1	0.095511	0.0566038	-119.039	2086	9	28	26	0.00	1277	818	26	28	0.07	0.996689	0	0	1.00	0	3	0	0	0	0	0	0	0	119	0	nan
chr3	41266075	.	CTGGCAGCAACAGTCTTACCTGGACTCTGGAATCCATTCTGGTGCCACTACCACAGCTCCTTCTCTGAGTGGTAAAGGCAATCCTGAGGAAGAGGATGTGGATACCTCCCAAGTCCTGTATGAGTGGGAACAGGGATTTTCTCAGTCCTTCACTCAAGAACAAGTAGCTGGTAAGAGTATTATTTTTCATTGCCTTACTGAAAGTCAGAATGCAGTTTTGAGAACTAAAAAGTTAGTGTATAATAGTTTAAATAAAATGTTGTGGTGAAGAAAAGAGAGTAATAGCAATGTCACTTTTACCATTTAGGATAGCAAATACTTAGGTAAATGCTGAACTGTGGATAGTGAGTGTTGAATTAACCTTTTCCAGATATTGATGGACAGTATGCAATGACTCGAGCTCAGAGGGTACGAGCTGCTATGTTCCCTGAGACATTAGATGAGGGCATGCAGATCCCATCTACACAGTTTGATGCTGCTCATCCCACTAATGTCCAGCGTTTGGCTGAACCATCACAGATGCTGAAACATGCAGTTGTAAACTTGATT	C	0	0	nan	1	nan	0	nan	0	0	0	nan	0	0	15.25385831382522	15.141048209728318	nan	nan	2	1	0	5	2	2152	60	nan	nan	25.5575	nan	nan	0.095511	nan	nan	2086	9	0	0	1.00	1277	818	0	0	1.00	nan	0	0	1.00	0	57	0	0	0	0	0	0	0	-548	0	nan
chr3	47147393	.	CA	C	0	0	nan	0	nan	1	nan	0	0	0	nan	0	0	7.7071567684840065	7.627467471771253	nan	nan	nan	nan	nan	20	1	0	nan	nan	nan	nan	nan	nan	nan	nan	nan	0	0	0	0	1.00	0	0	0	0	1.00	nan	0	0	1.00	0	0	0	0	0	0	0	0	0	-1	0	nan
chr3	47147393	.	CAA	C	0	0	nan	0	nan	1	nan	0	0	0	nan	0	0	7.7071567684840065	7.627467471771253	nan	nan	nan	nan	nan	20	1	0	nan	nan	nan	nan	nan	nan	nan	nan	nan	0	0	0	0	1.00	0	0	0	0	1.00	nan	0	0	1.00	0	0	0	0	0	0	0	0	0	-2	0	nan
chr3	52584431	.	T	TCTC	0	0	nan	0	nan	1	nan	0	0	0	nan	0	0	16.90196080028513	14.617167515131442	nan	nan	nan	nan	nan	4	4	0	nan	nan	nan	nan	nan	nan	nan	nan	nan	0	0	0	0	1.00	0	0	0	0	1.00	nan	0	0	1.00	0	0	0	0	0	0	0	0	0	3	0	nan
chr3	71247356	.	TTGC	T	0	0	nan	1	nan	0	nan	0	0	0	nan	9	1	11.27445822710484	11.706709767557639	58.04	1	4	3	11	3	2	2564	60	60	1	24.5846	25.4667	0.975388	0.194456	3.0303	-0.164153	2453	48	33	12	0.00	1273	1228	15	30	0.02	0.986857	0	0	1.00	0	18	0	0	0	0	0	0	0	-3	0	nan
chr3	138665463	.	TGGGCTCGGCGGCGGCCCTTCTGGCTCCTTGACTGTGCGACCGGTCTCTGGGGCCAGCAGGGCCCCCGCCGCGTCCTC	T	1	0	nan	1	nan	0	nan	0	0	0	nan	3	0	12.243558357185407	12.020794410073883	77.11	1	1	1	8	5	2	1145	60	60	1	26.8623	28.5882	0.968331	0.301426	0.2	-77.1014	978	126	30	4	1.00	240	864	3	31	0.09	0.438589	0	0	1.00	0	7	0	0	0	0	0	0	0	-77	0	nan
chr3	142274739	.	A	AT	0	0	nan	1	nan	0	nan	0	0	0	nan	19	2	13.891660843645319	11.860913356232574	61.05	1	11	1	10	10	2	2036	60	60	1	25.4362	25.5455	0.621966	0.115738	1.25	0.134262	1844	29	95	4	0.08	1163	710	60	39	0.75	0.68445	0	0	1.00	0	64	0	0	0	0	0	0	0	1	1	nan
chr3	142274739	.	AT	A	0	0	nan	0	nan	0	nan	0	0	0	nan	7	1	13.891660843645319	11.860913356232574	38.3	1	nan	nan	nan	10	2	2036	60	60	1	25.4362	26.3103	0.935256	0.115738	1.05357	-0.0621668	1844	29	56	2	0.24	1163	710	33	25	0.41	0.936582	0	0	1.00	0	105	0	0	0	0	0	0	0	-1	1	nan
chr3	187442662	.	G	GCTCCACCTCCTTCCCTGCC	0	0	nan	0	nan	1	nan	0	0	0	nan	0	0	7.976733900861187	13.808935583985427	nan	nan	nan	nan	nan	3	2	0	nan	nan	nan	nan	nan	nan	nan	nan	nan	0	0	0	0	1.00	0	0	0	0	1.00	nan	0	0	1.00	0	0	0	0	0	0	0	0	0	19	0	nan
chr4	1729764	.	ACAAAGCGGAGACTCCGCACGGAGCCGAGGAAGAATG	A	1	0	nan	1	nan	0	nan	0	0	0	nan	31	17	14.239281906237442	5.174584629804202	578.03	1	2	2	30	5	5	2522	60	60	1	25.7871	27.0105	0.99962	0.385013	13.7419	-22.6431	2313	17	185	5	0.02	1081	1249	88	102	1.00	1	0	0	1.00	0	2	0	0	0	0	0	0	0	-36	1	nan
chr4	1809268	.	TG	T	1	0	nan	1	nan	0	nan	0	0	0	nan	7	1	15.25385831382522	12.790946252985055	66.9	1	6	1	5	6	2	1545	60	60	1	27.2624	27.303	0.728168	0.247451	1.20968	-0.0377733	1464	11	62	4	0.00	1020	455	43	23	0.50	0.806827	0	0	1.00	0	4	0	0	0	0	0	0	0	-1	1	nan
chr4	1809728	.	T	TG	1	0	nan	1	nan	0	nan	0	0	0	nan	0	0	10.677429300587082	12.790946252985055	44.42	2	8	1	7	7	2	1357	60	60	1	26.9419	30.2742	1	1.18387	1.97674	-0.207124	1146	110	42	20	0.00	821	435	40	22	0.89	0.999823	0	0	1.00	0	39	0	0	0	0	0	0	0	1	1	nan
chr4	55151958	.	T	TA	0	0	nan	0	nan	1	nan	0	0	0	nan	0	0	15.031094366713695	15.611013836490557	nan	nan	nan	nan	nan	4	2	0	nan	nan	nan	nan	nan	nan	nan	nan	nan	0	0	0	0	1.00	0	0	0	0	1.00	nan	0	0	1.00	0	0	0	0	0	0	0	0	0	1	0	nan
chr4	55962545	.	T	TG	0	0	nan	0	nan	1	nan	0	0	0	nan	0	0	13.270181776156882	14.149733479708182	nan	nan	nan	nan	nan	3	2	0	nan	nan	nan	nan	nan	nan	nan	nan	nan	0	0	0	0	1.00	0	0	0	0	1.00	nan	0	0	1.00	0	0	0	0	0	0	0	0	0	1	0	nan
chr4	153332604	.	TCTC	T	0	0	nan	1	nan	0	nan	0	0	0	nan	7	3	10.047988828817688	8.596567601851817	130.31	1	5	3	12	2	2	2637	60	60	1	25.5157	27.2167	0.995882	0.0738151	2.81356	-0.260256	2563	12	59	1	0.26	1291	1284	28	32	0.60	0.9043	0	0	1.00	0	2	0	0	0	0	0	0	0	-3	1	nan
chr4	177605081	.	CTCA	C	1	1	nan	1	nan	1	nan	0	0	0	nan	332	16	16.73805663840345	14.424115963177574	6662.37	2	2	3	4	4	3	1704	60	60	1	24.0571	26.0228	0.937749	0.0967742	2.95976	-0.137014	31	4	1663	6	0.00	28	7	1032	637	0.03	1	0	0	1.00	0	0	0	0	0	0	0	0	0	-3	1	nan
chr5	228278	.	C	CT	0	0	nan	0	nan	0	nan	0	0	0	nan	7	2	12.478369315680629	12.856254924574628	19.0	2	nan	nan	nan	9	4	1676	59.9527	59.4318	0.0311106	26.5919	26.6364	0.656673	0.124713	1.225	0.100287	1303	8	39	5	0.00	939	372	26	18	0.09	0.956176	0	0	1.00	0	321	0	0	0	0	0	0	0	1	1	nan
chr5	228278	.	CT	C	0	1	nan	1	nan	0	nan	0	0	0	nan	50	3	12.478369315680629	12.856254924574628	439.63	2	9	1	8	9	4	1676	59.9527	57.959	2.57659e-126	26.5919	26.7256	0.616095	0.124713	2.05112	0.926405	1303	8	313	4	0.26	939	372	232	85	0.63	0.921466	0	0	1.00	0	48	0	0	0	0	0	0	0	-1	1	nan
chr5	38953665	.	G	GA	0	0	nan	0	nan	1	nan	0	0	0	nan	0	0	11.22898194959763	10.923322032941593	nan	nan	nan	nan	nan	9	2	0	nan	nan	nan	nan	nan	nan	nan	nan	nan	0	0	0	0	1.00	0	0	0	0	1.00	nan	0	0	1.00	0	0	0	0	0	0	0	0	0	1	0	nan
chr5	56111409	.	GGCGGCGGGGAATCGCGCCTCGTCGTCGGGATTCCCGGGCGCCAGGGCTACGAGCCCTGAGGCAGGCGGCGGCGGAGGAGCCCTCAAGGCGAGCAGCGCGCCCGCGGCTGCCGCGGGACTGCTGCGGGAGGCGGGCAGCGGGGGCCGCGAGCGGGCGGACTGGCGGCGGCGGCAGCTGCGCAAAGTGCGGAGTGTGGAGCTGGACCAGCTGCCTGAGCAGCCGCTCTTCCTTGCCGCCTCACCGCCGGCCTCCTCGACTTCCCCGTCGCCGGAGCCCGCGGACGCAGCGGGGAGTGGGACCGGCTTCCAGCCTGTGGCGGTGCCGCCGCCCCACGGAGCCGCGAGCCGCGGCGGCGCCCACCTTACCGAGTCGGTGGCGGCGCCGGACAGCGGCGCCTCGAGTCCCGCAGCGGCCGAGCCCGGGGAGAAGCGGGCGCCCGCCGCCGAGCCGTCTCCTGCAGCGGCCCCCGCCGGGTGAGCAGCACGGCCGGGGTC	G	0	0	nan	1	nan	0	nan	0	0	0	nan	0	0	11.557794213544192	11.00848054216689	nan	nan	4	3	10	5	2	0	nan	nan	nan	nan	nan	nan	nan	nan	nan	0	0	0	0	1.00	0	0	0	0	1.00	nan	0	0	1.00	0	0	0	0	0	0	0	0	0	-494	0	nan
chr5	56177848	.	TCAACAA	T	0	0	nan	0	nan	0	nan	0	0	0	nan	27	6	7.231523854244633	7.072294193272941	317.57	1	nan	nan	nan	3	3	3065	60	60	1	25.9567	26.0426	0.710521	0.48977	5.73723	-0.752544	774	12	137	4	0.29	445	341	68	73	0.07	1	0	0	1.00	0	2138	0	0	0	0	0	0	0	-6	1	nan
chr5	56177848	.	TCAA	T	0	1	nan	1	nan	0	nan	0	0	0	nan	384	102	7.231523854244633	7.072294193272941	7301.66	1	8	3	23	3	3	3065	60	60	1	25.9567	26.0047	0.563274	0.48977	3.11983	-0.369939	774	12	2122	10	0.01	445	341	1108	1024	0.03	1	0	0	1.00	0	147	0	0	0	0	0	0	0	-3	1	nan
chr5	67584512	.	A	AT	0	0	nan	0	nan	0	nan	0	0	0	nan	31	5	12.243558357185407	12.359377082683551	151.52	1	nan	nan	nan	12	2	1720	60	60	1	25.0288	26.2618	0.997805	0.306977	1.32275	0.0157746	1071	6	188	3	0.14	622	455	104	87	0.43	0.998978	0	0	1.00	0	452	0	0	0	0	0	0	0	1	1	nan
chr5	67584512	.	AT	A	0	1	nan	1	nan	0	nan	0	0	0	nan	72	9	12.243558357185407	12.359377082683551	370.2	1	12	1	11	12	2	1720	60	60	1	25.0288	25.2733	0.755054	0.306977	1.19033	-0.116644	1071	6	328	5	0.14	622	455	175	158	0.10	0.996419	0	0	1.00	0	310	0	0	0	0	0	0	0	-1	1	nan
chr5	67584512	.	ATT	A	0	0	nan	0	nan	0	nan	0	0	0	nan	24	2	12.243558357185407	12.359377082683551	114.31	1	nan	nan	nan	13	2	1720	60	60	1	25.0288	25.0283	0.49783	0.306977	2.06667	-0.24031	1071	6	105	1	0.48	622	455	69	37	0.15	0.877388	0	0	1.00	0	537	0	0	0	0	0	0	0	-2	1	nan
chr5	67589591	.	T	TCTGGAGGGA	0	0	nan	0	nan	0	nan	0	0	0	nan	15	4	13.727756681763637	14.061994236633124	nan	nan	nan	nan	nan	6	3	2347	60	60	1	25.2269	28.1656	1	0.0670009	8.22667	-0.840334	2178	17	150	1	1.00	1120	1075	77	74	1.00	0.588173	0	0	1.00	0	1	0	0	0	0	144	144	144	9	1	nan
chr5	80160596	.	AAATG	A	0	0	nan	0	nan	1	nan	0	0	0	nan	0	0	13.727756681763637	11.27445822710484	nan	nan	nan	nan	nan	4	1	0	nan	nan	nan	nan	nan	nan	nan	nan	nan	0	0	0	0	1.00	0	0	0	0	1.00	nan	0	0	1.00	0	0	0	0	0	0	0	0	0	-4	0	nan
chr5	86672845	.	A	ATAAG	1	0	nan	0	nan	0	nan	0	0	0	nan	3	0	14.617167515131442	13.891660843645319	30.05	1	nan	nan	nan	6	6	2375	60	60	1	25.5615	26.625	0.856309	0.0795745	3.71429	-0.365289	2335	23	14	2	0.01	925	1433	6	10	1.00	0.935471	0	0	1.00	0	1	0	0	0	0	0	0	0	4	0	nan
chr5	98192164	.	AAGG	A	1	1	nan	1	nan	0	nan	0	0	0	nan	148	11	13.343174163571872	14.617167515131442	2163.05	1	2	1	2	4	2	2505	60	60	1	25.7175	25.4894	0.117963	0.0537168	2.88316	-0.17056	1838	6	658	2	1.00	1117	727	395	265	0.75	0.976811	0	0	1.00	0	1	0	0	0	0	0	0	0	-3	1	nan
chr5	149441016	.	AC	A	0	0	nan	0	nan	1	nan	0	0	0	nan	0	0	11.183976937330868	10.48264576662859	nan	nan	nan	nan	nan	6	2	0	nan	nan	nan	nan	nan	nan	nan	nan	nan	0	0	0	0	1.00	0	0	0	0	1.00	nan	0	0	1.00	0	0	0	0	0	0	0	0	0	-1	0	nan
chr5	149447805	.	GAGC	G	0	0	nan	1	nan	0	nan	0	0	0	nan	2	1	11.183976937330868	11.461280356782382	31.98	1	5	3	13	2	1	1263	60	60	1	25.9606	26.6316	0.865371	0.199194	3.11765	-0.0815465	1236	7	17	2	0.01	641	602	6	13	0.11	0.763066	0	0	1.00	0	1	0	0	0	0	0	0	0	-3	0	nan
chr5	180046426	.	C	CTGGCCGCTTAGCTAAGGCACAG	0	0	nan	0	nan	1	nan	0	0	0	nan	0	0	13.198395929885642	13.058288785457496	nan	nan	nan	nan	nan	5	3	0	nan	nan	nan	nan	nan	nan	nan	nan	nan	0	0	0	0	1.00	0	0	0	0	1.00	nan	0	0	1.00	0	0	0	0	0	0	0	0	0	22	0	nan
chr5	180058747	.	C	CG	1	0	nan	1	nan	0	nan	0	0	0	nan	14	0	14.717009724197446	14.061994236633124	32.15	1	8	1	7	7	2	881	60	60	1	24.7372	24.7547	0.557229	0.2543	1.83673	0.582435	812	4	49	4	0.00	400	416	25	28	0.89	0.978456	0	0	1.00	0	10	0	0	0	0	0	0	0	1	1	nan
chr6	393163	.	AGGGCGGCGGCCGAGGCGGAGAGTTCGGCATGAGCGCGGTGAGCTGCGGCAACGGGAAGCTCCGCCAGTGGCTGATCGACCAGATCGACAGCGGCAAGTACCCCGGGCTGGTGTGGGAGAACGAGGAGAAGAGCATCTTCCGCATCCCCTGGAAGCACGCGGGCAAGCAGGACTACAACCGCGAGGAGGACGCCGCGCTCTTCAAGGTCTCCGGCCTCGGGAGCCGGCGGGGGCGCGCCGGGGAGGGCCCAGAGACAGAGCCCGGGGTCCCCGGCGCCGCCTCCGAGGCGAGCCCAGGGGACCGCGCGGGGCGGACGGGC	A	0	0	nan	1	nan	0	nan	0	0	0	nan	0	0	11.139433523068371	11.60686755849163	nan	nan	2	4	9	5	2	0	nan	nan	nan	nan	nan	nan	nan	nan	nan	0	0	0	0	1.00	0	0	0	0	1.00	nan	0	0	1.00	0	0	0	0	0	0	0	0	0	-319	0	nan
chr6	407629	.	C	CT	0	0	nan	0	nan	0	nan	0	0	0	nan	4	4	8.173676980691056	8.747205066210578	32.73	2	nan	nan	nan	18	1	1321	60	60	1	24.9249	25.7347	0.991763	0.616225	1.94595	0.329721	635	44	74	24	0.00	239	440	26	72	0.11	1	0	0	1.00	0	544	0	0	0	0	0	0	0	1	1	nan
chr6	407629	.	CTTTT	C	0	0	nan	0	nan	0	nan	0	0	0	nan	7	5	8.173676980691056	8.747205066210578	87.7	2	nan	nan	nan	18	1	1321	60	60	1	24.9249	26.8533	0.992981	0.616225	3.86567	-0.750553	635	44	67	8	0.22	239	440	11	64	0.00	1	0	0	1.00	0	567	0	0	0	0	0	0	0	-4	1	nan
chr6	407629	.	CTT	C	0	0	nan	0	nan	0	nan	0	0	0	nan	8	14	8.173676980691056	8.747205066210578	134.73	2	nan	nan	nan	18	1	1321	60	60	1	24.9249	26.1159	0.994823	0.616225	2.66667	0.050442	635	44	120	18	0.01	239	440	19	119	0.00	1	0	0	1.00	0	504	0	0	0	0	0	0	0	-2	1	nan
chr6	407629	.	CT	C	0	1	nan	0	nan	0	nan	0	0	0	nan	10	17	8.173676980691056	8.747205066210578	118.72	2	nan	nan	nan	18	1	1321	60	60	1	24.9249	26.3432	0.99802	0.616225	2.10345	0.487224	635	44	142	27	0.00	239	440	29	140	0.00	1	0	0	1.00	0	473	0	0	0	0	0	0	0	-1	1	nan
chr6	407629	.	CTTT	C	0	0	nan	0	nan	0	nan	0	0	0	nan	7	4	8.173676980691056	8.747205066210578	98.22	2	nan	nan	nan	18	1	1321	60	60	1	24.9249	27.2157	0.999662	0.616225	3.37778	-0.238447	635	44	90	12	0.06	239	440	19	83	0.00	1	0	0	1.00	0	540	0	0	0	0	0	0	0	-3	1	nan
chr6	29911899	.	AC	A	0	0	nan	0	nan	1	nan	0	0	0	nan	0	0	13.417414344363948	12.418465678788756	9.67	5	7	1	6	7	2	132	41.2791	55.9565	0.999999	31.3953	32.6087	0.999997	0.956522	1.5	-0.456522	46	40	6	40	0.00	0	86	0	46	1.00	0.999996	0	0	1.00	0	0	0	0	0	0	0	0	0	-1	1	nan
chr6	33286136	.	GGTCCAGGCTGCAGTGAGCTGTGATCTCACCACTGCACCCTGGCCTGGGCGACACAGCGAGACAAAAAAAAAAAAAAAAAAAAAAAGGCCAGGCTAGAAAGGACAGAGCGGGACTACCCCGGGGATACTGGGCTAACCCTGAGCAAGGGGACAGCTAATGCCAATCTGTAACAGTAGAAGGACAAGAAAAAGACAGTGATACAGTAAGAAAAGAACTTTATTGTTTATTAATGTTTCTGTGTAAAACTTAAGCTTTTTTTTTTTTTTAAAGAAACACCACCAAAAGGGGATTAGCTTAGTCCATCCCTTCCTCAGTCATCTGCTTCCCACCTTCCTCCAAATGTTATCCCAGAACATTCTGGAGGCAGGGAGAAGGGGAGGCAGCTAATCAGAGTCTGAGAGCACGATGATCTCTTCTGGATCGCATTGTGTGGCCACACTTGTCTGCAGGGAAGTGAGAGACAAAGAGTCAAAGAGATCTGGAGTACAGGAGAAAAGAAACAGGAGGATTTAGAGGATAAAATGGGTGGGAAAAAGGAAGAGACAGGATGTGGCACGTGGAATATTCAGACAGAGCAGCTGAAACAGCCAATGAAAGAGAACAAATTGTCAGAGGAAACACGCCCTCCCCTTCTTACCTTGCAAGTACCAGGCCGAGGAGGCTGTGAATGGGGGGTTTGGGACAGCCGGGCTGGAGAAGGGATGCAGAGGGAGCTGGTCACCAGGCCATGGCTGGGAGA	G	0	0	nan	1	nan	0	nan	0	0	0	nan	0	0	14.424115963177574	8.983435519674819	nan	nan	2	2	5	23	1	0	nan	nan	nan	nan	nan	nan	nan	nan	nan	0	0	0	0	1.00	0	0	0	0	1.00	nan	0	0	1.00	0	0	0	0	0	0	0	0	0	-739	0	nan
chr6	41903745	.	C	CG	1	0	nan	1	nan	0	nan	0	0	0	nan	6	0	10.296224666068008	11.860913356232574	35.47	2	7	1	6	6	5	1234	60	60	1	25.6002	26.8182	0.979983	0.660729	2.04762	0.38689	1174	8	41	2	0.05	653	529	23	20	0.88	0.70963	0	0	1.00	0	7	0	0	0	0	0	0	0	1	1	nan
chr6	117681436	.	G	GACAC	0	0	nan	0	nan	1	nan	0	0	0	nan	0	0	6.95236304668037	6.885289206610508	nan	nan	nan	nan	nan	4	4	0	nan	nan	nan	nan	nan	nan	nan	nan	nan	0	0	0	0	1.00	0	0	0	0	1.00	nan	0	0	1.00	0	0	0	0	0	0	0	0	0	4	0	nan
chr6	157099165	.	GTCC	G	0	0	nan	1	nan	0	nan	0	0	0	nan	8	8	8.06316351589625	7.955392605734327	113.0	2	7	3	18	2	2	1039	60	60	1	24.2856	27.1176	0.999999	0.574491	3.28	-0.294491	932	38	50	18	0.00	483	487	16	52	0.00	1	0	0	1.00	0	1	0	0	0	0	0	0	0	-3	1	nan
chr6	157099186	.	CGCGGCGGCA	C	0	0	nan	1	nan	0	nan	0	0	0	nan	2	3	7.829501332654124	8.173676980691056	30.61	2	7	3	9	2	2	966	60	60	1	24.7545	26.3889	0.938722	0.593468	8.92308	-0.670392	882	50	13	5	0.00	413	519	6	12	0.47	0.999348	0	0	1.00	0	11	0	0	0	0	0	0	0	-9	0	nan
chr6	157099723	.	CGGCGGCGGCCCGGCGGCCGTCCCGGAGTTTAATAATTACTATGGCAGCGCTGCCCCTGCGAGCGGCGGCCCCGGCGGCCGCGCTGGGCCTTGCTTTGATCAACATGGCGGACAACAAAGCCCCGGGATGGGGATGATGCACTCCGCCTCCGCCGCCGCCGCCGGGGCCCCCGGCAGCATGGACCCCCTGCAGAACTCCCACGAAGGGTACCCCAACAGCCAGTGCAACCATTATCCGGGCTACAGCCGGCCCGGCGCG	C	0	0	nan	1	nan	0	nan	0	0	0	nan	0	0	11.60686755849163	10.117477428370966	nan	nan	9	3	9	5	1	576	60	nan	nan	24.9774	nan	nan	1.0084	nan	nan	460	101	0	0	1.00	237	324	0	0	1.00	nan	0	0	1.00	0	1	0	0	0	0	0	0	0	-258	0	nan
chr6	157099871	.	TCCG	T	0	0	nan	1	nan	0	nan	0	0	0	nan	10	1	10.296224666068008	11.757505022850385	63.18	2	5	3	12	4	2	1103	60	60	1	24.4896	24.625	0.614019	0.761458	3.57143	-0.19003	959	95	35	5	0.40	426	628	15	25	0.75	0.73746	0	0	1.00	0	9	0	0	0	0	0	0	0	-3	1	nan
chr6	157100396	.	G	GCGC	0	0	nan	1	nan	0	nan	0	0	0	nan	4	3	9.037723036788801	7.231523854244633	38.55	1	6	3	17	4	3	534	60	60	1	26.019	29.0238	0.999961	0.681579	2.94737	-0.734211	377	95	19	23	0.00	179	293	8	34	0.02	0.999977	0	0	1.00	0	19	0	0	0	0	0	0	0	3	1	nan
chr7	2963940	.	GGGA	G	0	0	nan	1	nan	0	nan	0	0	0	nan	4	0	10.598464492126745	10.839801289293934	53.45	1	5	3	13	4	3	2137	60	60	1	25.1734	28.2	0.999588	0.254676	2.64286	-0.611819	2076	29	28	2	0.07	954	1151	10	20	0.20	0.903384	0	0	1.00	0	2	0	0	0	0	0	0	0	-3	0	nan
chr7	6027156	.	C	CT	0	0	nan	1	nan	0	nan	0	0	0	nan	8	1	14.519569142239884	13.270181776156882	3.4	1	9	1	8	8	2	2963	59.0535	54.9032	0.00101563	25.9832	24.6129	0.0722064	0.069273	1.03333	-0.0359396	2899	18	30	1	0.18	1442	1475	14	17	0.72	0.37769	0	0	1.00	0	15	0	0	0	0	0	0	0	1	0	nan
chr7	6414333	.	TGCC	T	0	0	nan	1	nan	0	nan	0	0	0	nan	1	0	9.91226075692495	10.047988828817688	12.32	1	4	3	11	4	2	480	58.411	60	0.963946	25.044	29.95	0.999635	0.670588	4.42857	0.757983	339	116	7	13	0.00	201	254	5	15	0.11	0.999942	0	0	1.00	0	5	0	0	0	0	0	0	0	-3	0	nan
chr7	55229224	.	TC	T	1	0	nan	1	nan	0	nan	0	0	0	nan	14	1	13.891660843645319	12.922560713564765	47.93	2	5	1	4	5	2	2387	60	60	1	25.0435	25.5692	0.829503	0.335921	1.14754	-0.18838	2307	14	60	5	0.00	1310	1011	34	31	0.53	0.999633	0	0	1.00	0	1	0	0	0	0	0	0	0	-1	1	nan
chr7	78119221	.	G	GA	0	0	nan	0	nan	1	nan	0	0	0	nan	0	0	14.819201376014313	15.141048209728318	nan	nan	nan	nan	nan	9	2	0	nan	nan	nan	nan	nan	nan	nan	nan	nan	0	0	0	0	1.00	0	0	0	0	1.00	nan	0	0	1.00	0	0	0	0	0	0	0	0	0	1	0	nan
chr7	78119221	.	G	GAA	0	0	nan	0	nan	1	nan	0	0	0	nan	0	0	14.819201376014313	15.141048209728318	nan	nan	nan	nan	nan	10	2	0	nan	nan	nan	nan	nan	nan	nan	nan	nan	0	0	0	0	1.00	0	0	0	0	1.00	nan	0	0	1.00	0	0	0	0	0	0	0	0	0	2	0	nan
chr7	98562992	.	TGCCTGGCAGGGGCTGTGGTGGGCATGGCTTCTGGGTGCACCTCAGAGTACAGGGGCCATGATTAGGACTTCACAGCTGGGTGTGGAGAGGCCGGAGCCACCTGCACTGGTCCGTCAGCTCCCTCATCCCTCTCCCTGCAGAGAGGGCTACATTTCCAAGATGCACGTAAGAACATATGAGTGCTTCAAATCCCAGAGCTCTAGTTGCAGGAAAAAACATTGAGGGGGAAAATGGGCAGAACCCAGCATGCCAGGCAAGGCTTAGTGGCTGCCTGTTTAAATCAACGTTTAGAGACCCGTGGGTTTGTTCTTAATTGGGGCGAGCAGGTACAAGCGAGCTGGTGATGCTGAGTCTGGAGCTGGTGAAGACGC	T	0	0	nan	1	nan	0	nan	0	0	0	nan	0	0	11.051694279993319	12.922560713564765	nan	nan	2	2	9	6	2	0	nan	nan	nan	nan	nan	nan	nan	nan	nan	0	0	0	0	1.00	0	0	0	0	1.00	nan	0	0	1.00	0	0	0	0	0	0	0	0	0	-371	0	nan
chr7	98563001	.	GGGGCTGTGGTGGGCATGGCTTCTGGGTGCACCTCAGAGTACAGGGGCCATGATTAGGACTTCACAGCTGGGTGTGGAGAGGCCGGAGCCACCTGCACTGGTCCGTCAGCTCCCTCATCCCTCTCCCTGCAGAGAGGGCTACATTTCCAAGATGCACGTAAGAACATATGAGTGCTTCAAATCCCAGAGCTCTAGTTGCAGGAAAAAACATTGAGGGGGAAAATGGGCAGAACCCAGCATGCCAGGCAAGGCTTAGTGGCTGCCTGTTTAAATCAACGTTTAGAGACCCGTGGGTTTGTTCTTAATTGGGGCGAGCAGGTACAAGCGAGCTGGTGATGCTGAGTCTGGAGCTGGTGAAGACGCGCCTGGCAGTGATGAGCATGGAGATGCGGAAGAACTTCATCCAGGCCATCCTGACATCCCTCATCGAAAAATCACCAGATGCCAAAATCCTCC	G	0	0	nan	1	nan	0	nan	0	0	0	nan	0	0	11.8089014193745	12.790946252985055	nan	nan	4	1	10	6	4	0	nan	nan	nan	nan	nan	nan	nan	nan	nan	0	0	0	0	1.00	0	0	0	0	1.00	nan	0	0	1.00	0	0	0	0	0	0	0	0	0	-455	0	nan
chr7	128829039	.	GGCT	G	0	0	nan	1	nan	0	nan	0	0	0	nan	2	0	7.529869098879692	7.549214096651688	27.6	2	7	3	19	5	4	568	60	60	1	28.785	31.0217	1	0.42654	3.17647	-0.25007	420	101	17	29	0.00	308	213	11	35	0.00	1	0	0	1.00	0	1	0	0	0	0	0	0	0	-3	1	nan
chr7	140434597	.	G	GA	0	0	nan	0	nan	1	nan	0	0	0	nan	0	0	4.096877515091341	6.62689658934883	nan	nan	nan	nan	nan	10	1	0	nan	nan	nan	nan	nan	nan	nan	nan	nan	0	0	0	0	1.00	0	0	0	0	1.00	nan	0	0	1.00	0	0	0	0	0	0	0	0	0	1	0	nan
chr7	140482926	.	AG	A	1	0	nan	0	nan	0	nan	0	0	0	nan	6	1	15.369677039323362	14.819201376014313	8.77	1	nan	nan	nan	7	2	2646	60	60	1	24.9506	25.6207	0.767578	0.116047	0.964286	-0.151762	2600	13	28	1	0.14	1169	1444	12	17	0.85	0.854039	0	0	1.00	0	4	0	0	0	0	0	0	0	-1	0	nan
chr7	148504716	.	AG	A	1	1	nan	1	nan	1	nan	0	0	0	nan	230	14	13.648067385050878	15.611013836490557	2130.6	1	6	1	5	6	2	1678	60	60	1	25.5532	25.4582	0.403362	0.109817	1.12	0.010183	598	4	1070	6	0.75	353	249	647	429	0.57	0.830237	0	0	1.00	0	0	0	0	0	0	0	0	0	-1	1	nan
chr7	148504854	.	A	AGACTT	0	0	nan	0	nan	1	nan	0	0	0	nan	0	0	15.25385831382522	7.998180585527077	nan	nan	nan	nan	nan	3	3	0	nan	nan	nan	nan	nan	nan	nan	nan	nan	0	0	0	0	1.00	0	0	0	0	1.00	nan	0	0	1.00	0	0	0	0	0	0	0	0	0	5	0	nan
chr7	151874147	.	CT	C	0	0	nan	1	nan	0	nan	0	0	0	nan	41	3	12.726605152930953	13.198395929885642	257.36	1	9	1	8	9	3	3504	60	60	1	25.7684	26.6145	0.998521	0.10817	1.11618	0.00801264	3039	100	240	22	0.00	1514	1625	122	140	0.61	0.99737	0	0	1.00	0	103	0	1	1	1	0	0	0	-1	1	nan
chr7	151945071	.	G	GT	0	1	nan	1	nan	0	nan	0	0	0	nan	306	7	15.86655488121444	15.031094366713695	3053.93	9	2	1	1	5	2	5994	57.8835	56.7429	0.000295545	26.1511	25.9336	0.140051	0.689171	1.12167	-0.567503	4385	103	1446	59	0.00	2749	1739	886	619	0.11	1	0	0	1.00	0	1	0	0	0	0	0	0	0	1	1	nan
chr8	30945376	.	AAAG	A	0	0	nan	1	nan	0	nan	0	0	0	nan	10	5	9.878981323435676	8.310115787356517	172.75	1	5	3	13	4	2	2189	60	60	1	26.331	27.3765	0.992051	0.0959233	2.88158	-0.214344	2075	25	76	9	0.00	1148	952	44	41	0.66	0.971172	0	0	1.00	0	4	0	0	0	0	0	0	0	-3	1	nan
chr8	30958353	.	CT	C	0	0	nan	0	nan	1	nan	0	0	0	nan	0	0	12.130748253088514	10.965692562374143	nan	nan	nan	nan	nan	7	2	0	nan	nan	nan	nan	nan	nan	nan	nan	nan	0	0	0	0	1.00	0	0	0	0	1.00	nan	0	0	1.00	0	0	0	0	0	0	0	0	0	-1	0	nan
chr8	31005017	.	T	TC	0	0	nan	0	nan	1	nan	0	0	0	nan	0	0	14.239281906237442	14.819201376014313	nan	nan	nan	nan	nan	5	5	0	nan	nan	nan	nan	nan	nan	nan	nan	nan	0	0	0	0	1.00	0	0	0	0	1.00	nan	0	0	1.00	0	0	0	0	0	0	0	0	0	1	0	nan
chr8	38285913	.	GTCA	G	0	0	nan	1	nan	0	nan	0	0	0	nan	6	2	9.037723036788801	8.903255799516339	97.12	1	6	3	17	3	2	2380	60	60	1	26.79	29.1067	1	0.17122	3.1087	-0.0625247	2186	109	46	29	0.00	1163	1132	22	53	0.00	1	0	0	1.00	0	10	0	0	0	0	0	0	0	-3	1	nan
chr8	41798419	.	GCTC	G	0	0	nan	1	nan	0	nan	0	0	0	nan	12	3	12.130748253088514	10.923322032941593	84.34	1	5	3	12	3	3	2024	60	60	1	25.2525	24.5625	0.222344	0.0963001	2.75556	-0.340744	1959	17	43	5	0.00	1087	889	27	21	0.88	0.902393	0	0	1.00	0	0	0	0	0	0	0	0	0	-3	1	nan
chr8	48805816	.	A	AG	1	1	nan	1	nan	1	nan	0	0	0	nan	374	1	13.058288785457496	13.417414344363948	4715.24	1	2	1	1	5	3	1675	60	60	1	27.8182	25.0968	0.026446	0.111111	1.1432	0.0320899	9	2	1655	4	0.00	2	9	876	783	0.03	0.999734	0	0	1.00	0	0	0	0	0	0	0	0	0	1	1	nan
chr8	68995410	.	TG	T	0	0	nan	0	nan	1	nan	0	0	0	nan	0	0	13.127777385010779	12.989894540154445	nan	nan	nan	nan	nan	6	6	0	nan	nan	nan	nan	nan	nan	nan	nan	nan	0	0	0	0	1.00	0	0	0	0	1.00	nan	0	0	1.00	0	0	0	0	0	0	0	0	0	-1	0	nan
chr8	128750604	.	CCAG	C	0	0	nan	1	nan	0	nan	0	0	0	nan	9	3	10.839801289293934	10.520909845159121	111.86	3	5	3	12	3	2	3046	60	60	1	25.6786	28.2308	1	0.284732	3.07407	-0.210658	2896	72	54	24	0.00	1496	1472	25	53	0.00	1	0	0	1.00	0	0	0	0	0	0	0	0	0	-3	1	nan
chr9	8338847	.	C	CAGAGAGAGAGAGAGAG	0	0	nan	0	nan	1	nan	0	0	0	nan	0	0	9.945797177000825	10.296224666068008	nan	nan	nan	nan	nan	4	4	0	nan	nan	nan	nan	nan	nan	nan	nan	nan	0	0	0	0	1.00	0	0	0	0	1.00	nan	0	0	1.00	0	0	0	0	0	0	0	0	0	16	0	nan
chr9	8470930	.	AG	A	0	0	nan	0	nan	1	nan	0	0	0	nan	0	0	13.648067385050878	14.424115963177574	nan	nan	nan	nan	nan	6	2	0	nan	nan	nan	nan	nan	nan	nan	nan	nan	0	0	0	0	1.00	0	0	0	0	1.00	nan	0	0	1.00	0	0	0	0	0	0	0	0	0	-1	0	nan
chr9	8527273	.	TTAA	T	0	0	nan	0	nan	1	nan	0	0	0	nan	0	0	10.520909845159121	11.366864794453965	nan	nan	nan	nan	nan	4	1	0	nan	nan	nan	nan	nan	nan	nan	nan	nan	0	0	0	0	1.00	0	0	0	0	1.00	nan	0	0	1.00	0	0	0	0	0	0	0	0	0	-3	0	nan
chr9	36882049	.	C	CG	1	0	nan	1	nan	0	nan	0	0	0	nan	6	1	12.539110792802566	14.239281906237442	16.14	1	8	1	7	7	2	520	60	60	1	24.9281	25.7857	0.850598	0.331263	1.20833	-0.12293	479	5	24	4	0.00	262	222	13	15	0.44	0.830818	0	0	1.00	0	5	0	0	0	0	0	0	0	1	1	nan
chr9	37034085	.	CT	C	0	0	nan	1	nan	0	nan	0	0	0	nan	0	0	5.5494107494423766	5.973135563035008	nan	nan	9	1	8	11	3	317	60	60	1	25.7534	22.8182	0.596756	0.965251	4.33333	2.36808	255	40	6	5	0.01	92	203	0	11	0.04	0.87092	0	0	1.00	0	10	0	7	6	4	0	0	0	-1	1	nan
chr9	37034089	.	TTTTTTC	T	0	1	nan	0	nan	0	nan	0	0	0	nan	0	0	5.525012118871384	6.138077341650589	nan	nan	nan	nan	nan	15	1	295	60	nan	nan	27.1809	nan	nan	1.1551	nan	nan	242	51	0	0	1.00	89	204	0	0	1.00	nan	0	0	1.00	0	2	0	25	7	2	0	0	0	-6	0	nan
chr9	98270592	.	TGCC	T	0	0	nan	1	nan	0	nan	0	0	0	nan	0	1	11.413816006537763	6.533829924750415	18.41	2	4	3	11	4	2	608	60	60	1	28.1741	31.6571	1	0.564378	2.88889	-0.675489	465	92	9	26	0.00	31	526	0	35	0.25	1	0	0	1.00	0	16	0	0	0	0	0	0	0	-3	0	nan
chr9	98270646	.	T	TGCC	0	1	nan	1	nan	0	nan	0	0	0	nan	1	1	8.264158270465028	7.213540620189002	140.36	2	8	3	23	3	3	342	60	60	1	29.3131	28.1548	0.967525	0.4375	3.34694	-0.0905612	159	39	49	35	0.00	6	192	4	80	0.49	1	0	0	1.00	0	60	0	0	0	0	0	0	0	3	1	nan
chr9	133710819	.	T	TC	0	0	nan	0	nan	1	nan	0	0	0	nan	0	0	14.424115963177574	10.677429300587082	nan	nan	nan	nan	nan	5	2	0	nan	nan	nan	nan	nan	nan	nan	nan	nan	0	0	0	0	1.00	0	0	0	0	1.00	nan	0	0	1.00	0	0	0	0	0	0	0	0	0	1	0	nan
chr9	133759489	.	CAAG	C	0	0	nan	1	nan	0	nan	0	0	0	nan	33	3	10.152643165599336	10.839801289293934	417.67	1	5	3	13	2	2	3033	60	60	1	25.3284	26.1387	0.983245	0.148369	2.88757	-0.260795	2839	20	169	4	0.04	1534	1325	92	81	0.94	0.964179	0	0	1.00	0	1	0	0	0	0	0	0	0	-3	1	nan
chr9	135771987	.	CGCT	C	0	0	nan	1	nan	0	nan	0	0	0	nan	9	3	8.77282723385658	8.547494256904375	101.28	1	6	3	17	4	2	2102	60	60	1	26.4607	26.1373	0.345654	0.147116	2.74	-0.407116	2036	10	50	1	0.24	1063	983	24	27	0.57	0.512369	0	0	1.00	0	4	0	0	0	0	0	0	0	-3	1	nan
chr9	139390648	.	CAG	C	1	1	nan	1	nan	0	nan	0	0	0	nan	34	0	12.020794410073883	12.922560713564765	365.96	1	4	1	0	5	2	1768	60	60	1	25.6969	26.3036	0.983187	0.270096	2.22759	-0.0425103	1551	49	144	24	0.00	825	775	69	99	0.01	0.998426	0	0	1.00	0	0	0	0	0	0	0	0	0	-2	1	nan
chr9	139390944	.	TGTG	T	0	0	nan	1	nan	0	nan	0	0	0	nan	0	1	9.408165722148947	8.547494256904375	22.64	2	5	3	13	3	3	1284	60	60	1	25.9467	29.5	0.996527	0.251597	2.61538	-0.636213	1248	9	13	1	0.11	603	654	6	8	0.79	0.783555	0	0	1.00	0	13	0	0	0	0	0	0	0	-3	0	nan
chr10	8111513	.	T	TG	1	0	nan	1	nan	0	nan	0	0	0	nan	36	4	13.058288785457496	13.808935583985427	194.02	1	5	1	4	4	2	2001	60	60	1	25.0251	25.2321	0.702859	0.489035	1.4	-0.0890351	1815	16	164	4	0.08	920	911	75	93	0.17	0.967579	0	0	1.00	0	2	0	0	0	0	0	0	0	1	1	nan
chr10	43572749	.	TTGC	T	0	0	nan	1	nan	0	nan	0	0	0	nan	2	0	10.839801289293934	10.798635627345615	8.37	1	5	3	12	4	1	202	60	60	1	23.0677	26.125	0.937326	0.359788	3.2	-0.159788	188	4	5	3	0.00	98	94	2	6	0.28	0.991821	0	0	1.00	0	2	0	0	0	0	0	0	0	-3	0	nan
chr10	63852297	.	GA	G	1	0	nan	0	nan	0	nan	0	0	0	nan	3	0	16.42771430100376	13.492945723268402	10.37	1	nan	nan	nan	5	4	2275	60	60	1	25.724	27.7826	0.989345	0.137962	1.15	0.0120383	2237	13	20	3	0.00	1144	1106	8	15	0.14	0.670124	0	0	1.00	0	2	0	0	0	0	0	0	0	-1	0	nan
chr10	89692903	.	A	ACGCC	1	0	nan	1	nan	0	nan	0	0	0	nan	29	1	16.000194496794247	15.031094366713695	426.8	2	3	1	2	3	2	2045	59.5918	59	0.000164317	25.3616	25.6418	0.739771	0.0942902	3.79545	-0.298836	1899	12	132	2	0.23	850	1061	60	74	1.00	0.808539	0	0	1.00	0	0	0	0	0	0	0	0	0	4	1	nan
chr10	89711903	.	ATGTGTATTATTATAGCTACCTGTTAAAGAATCATC	A	1	0	nan	1	nan	0	nan	0	0	0	nan	12	1	16.280481732796684	13.492945723268402	270.57	1	2	3	2	3	2	1885	59.9709	59.8404	0.012128	25.3725	27.5106	0.999984	0.112542	19.5	-15.6125	1776	12	91	3	0.04	1020	768	54	40	1.00	0.893491	0	0	1.00	0	3	0	0	0	0	0	0	0	-35	1	nan
chr10	89717769	.	TA	T	1	1	nan	1	nan	0	nan	0	0	0	nan	59	3	15.141048209728318	13.270181776156882	456.77	1	6	1	5	6	2	1567	59.9968	60	0.688366	25.4612	25.9175	0.922544	0.0680918	1.0894	0.0213121	1258	6	302	1	1.00	442	822	101	202	0.64	0.913571	0	0	1.00	0	0	0	0	0	0	0	0	0	-1	1	nan
chr10	89725230	.	A	AT	0	0	nan	1	nan	0	nan	0	0	0	nan	3	1	13.058288785457496	10.223840576828815	3.96	1	10	1	9	9	3	1211	50.8471	54	0.896007	26.6684	28.2308	0.981698	0.250476	1.44444	0.193968	1047	117	18	8	0.00	360	804	8	18	1.00	0.995183	0	0	1.00	0	21	0	0	0	0	0	0	0	1	0	nan
chr10	114710507	.	GA	G	0	0	nan	1	nan	0	nan	0	0	0	nan	23	1	13.569814009931315	10.839801289293934	143.78	1	9	1	8	9	2	1000	60	60	1	25.4255	26.4341	0.986249	0.255448	1.32773	0.0722832	824	22	118	11	0.00	580	266	88	41	0.92	0.993223	0	0	1.00	0	25	0	1	1	1	0	0	0	-1	1	nan
chr10	114917782	.	AAAG	A	0	0	nan	1	nan	0	nan	0	0	0	nan	4	0	12.418465678788756	12.130748253088514	52.88	1	4	3	10	4	3	1299	60	60	1	25.6112	27.0385	0.932054	0.110063	3.08	-0.0300629	1268	5	25	1	0.11	764	509	12	14	0.16	0.768019	0	0	1.00	0	0	0	0	0	0	0	0	0	-3	1	nan
chr10	114925316	.	G	GA	0	0	nan	1	nan	0	nan	0	0	0	nan	4	2	15.031094366713695	12.130748253088514	10.88	2	10	1	9	9	2	1019	60	60	1	26.4542	27.3226	0.946478	0.502208	1.59091	0.0887016	901	81	22	9	0.00	597	385	13	18	0.04	0.999259	0	0	1.00	0	6	0	0	0	0	0	0	0	1	1	nan
chr11	2905204	.	G	GC	0	0	nan	0	nan	1	nan	0	0	0	nan	0	0	13.492945723268402	13.058288785457496	nan	nan	nan	nan	nan	7	2	0	nan	nan	nan	nan	nan	nan	nan	nan	nan	0	0	0	0	1.00	0	0	0	0	1.00	nan	0	0	1.00	0	0	0	0	0	0	0	0	0	1	0	nan
chr11	32452091	.	AGC	A	1	0	nan	1	nan	0	nan	0	0	0	nan	2	0	14.819201376014313	6.397865765509135	63.32	1	3	1	0	4	2	731	60	60	1	26.6134	27.8667	0.941742	1.16691	2.92857	-0.238337	683	18	28	2	0.20	381	320	15	15	0.71	0.522007	0	0	1.00	0	0	0	0	0	0	0	0	0	-2	1	nan
chr11	64572092	.	CG	C	0	0	nan	1	nan	0	nan	0	0	0	nan	9	1	13.492945723268402	13.270181776156882	70.21	3	7	1	6	7	3	1613	60	60	1	26.9086	27.8718	0.99214	0.743438	2.74286	0.999419	1511	17	70	8	0.00	655	873	32	46	0.81	0.996296	0	0	1.00	0	3	0	0	0	0	2	2	0	-1	1	nan
chr11	69465987	.	AGAG	A	0	0	nan	1	nan	0	nan	0	0	0	nan	9	2	9.748356595043257	10.677429300587082	115.5	1	5	3	13	2	1	2212	60	60	1	25.0181	26.7903	0.989772	0.296404	3.16364	-0.132768	2051	53	55	7	0.00	1094	1010	28	34	0.30	0.998224	0	0	1.00	0	46	0	0	0	0	0	0	0	-3	1	nan
chr11	100998597	.	CGCGGGGAGCGCGCGGAGGCCTCCGCGCCTTCCTCCTCCTCCTTTATCTTTAGAGCGGGCGGCTGGAAGTCGCTATAGAGAGGGTACGCGTCGTCCTTGGGCTCGGCGTCGGGCGGGTACGCGCAGTCGGGGAAGTCGCCTACAGCGACCGGGGTGGACGAGGCACAGGGTGAACTCCGCGGCGGGGCAAAGGCGCTGGCAGCCCCGGCCCCGCCGTCGTAACTTTCGTCTTCCAGCAGCTGCCGAGTGCGGGCTGCCAATAAGGCGTGATTGAGAGGCAGGATAGGCACGTGGATGAAATCCATCACCGTGGTGGCCA	C	0	0	nan	1	nan	0	nan	0	0	0	nan	0	0	12.539110792802566	11.60686755849163	nan	nan	1	1	11	4	3	1518	60	nan	nan	26.0876	nan	nan	1.03393	nan	nan	1433	77	0	0	1.00	646	864	0	0	1.00	nan	0	0	1.00	0	0	0	0	0	0	0	0	0	-318	0	nan
chr11	100999838	.	A	AG	0	0	nan	0	nan	1	nan	0	0	0	nan	0	0	11.656501753807134	11.139433523068371	nan	nan	nan	nan	nan	5	2	0	nan	nan	nan	nan	nan	nan	nan	nan	nan	0	0	0	0	1.00	0	0	0	0	1.00	nan	0	0	1.00	0	0	0	0	0	0	0	0	0	1	0	nan
chr11	108196712	.	CATT	C	0	0	nan	0	nan	1	nan	0	0	0	nan	0	0	10.152643165599336	10.223840576828815	nan	nan	nan	nan	nan	4	2	0	nan	nan	nan	nan	nan	nan	nan	nan	nan	0	0	0	0	1.00	0	0	0	0	1.00	nan	0	0	1.00	0	0	0	0	0	0	0	0	0	-3	0	nan
chr11	108202154	.	C	CT	0	0	nan	1	nan	0	nan	0	0	0	nan	4	0	13.808935583985427	14.061994236633124	15.27	1	9	1	8	8	2	1241	60	60	1	24.7508	26.9688	0.991071	0.141898	1.48387	0.341973	1182	10	31	1	0.25	805	387	22	10	1.00	0.61425	0	0	1.00	0	17	0	0	0	0	0	0	0	1	1	nan
chr11	119149355	.	TATG	T	0	0	nan	1	nan	0	nan	0	0	0	nan	12	2	9.65290341598095	9.438014257643566	92.58	1	6	3	16	4	4	2328	60	60	1	25.3182	26.1159	0.905665	0.134745	2.84615	-0.288592	2213	40	64	5	0.01	1028	1225	35	34	0.46	0.942843	0	0	1.00	0	6	0	0	0	0	0	0	0	-3	1	nan
chr12	416952	.	CT	C	0	0	nan	1	nan	0	nan	0	0	0	nan	12	0	13.058288785457496	14.239281906237442	26.22	1	8	1	7	8	3	3192	60	60	1	25.8353	25.6909	0.426463	0.0620556	1.03704	-0.0250186	3077	19	53	2	0.05	1609	1487	28	27	0.89	0.70687	0	0	1.00	0	41	0	0	0	0	0	0	0	-1	1	nan
chr12	498267	.	CGGGGG	C	0	0	nan	0	nan	0	nan	0	0	0	nan	10	2	10.332874206932061	10.48264576662859	105.5	5	nan	nan	nan	19	3	1199	60	60	1	25.9329	26.7368	0.856938	0.445161	5.01163	-0.433533	147	14	85	9	0.82	83	78	39	55	0.15	1	0	0	1.00	0	940	0	1	1	1	0	0	0	-5	1	nan
chr12	498267	.	CGGGG	C	0	0	nan	0	nan	0	nan	0	0	0	nan	18	7	10.332874206932061	10.48264576662859	138.91	5	nan	nan	nan	18	3	1199	60	60	1	25.9329	25.1103	0.271674	0.445161	4.45736	0.0122031	147	14	123	17	0.35	83	78	58	82	0.08	1	0	0	1.00	0	890	0	1	1	1	0	0	0	-4	1	nan
chr12	498267	.	CGGG	C	0	0	nan	0	nan	0	nan	0	0	0	nan	23	4	10.332874206932061	10.48264576662859	146.91	5	nan	nan	nan	17	3	1199	60	60	1	25.9329	23.1071	0.00690948	0.445161	3.7483	0.303138	147	14	129	23	0.08	83	78	71	81	0.43	1	0	0	1.00	0	867	0	1	1	1	0	0	0	-3	1	nan
chr12	498267	.	CGG	C	0	1	nan	0	nan	0	nan	0	0	0	nan	19	6	10.332874206932061	10.48264576662859	152.97	5	nan	nan	nan	16	3	1199	60	60	1	25.9329	23.1386	0.0412836	0.445161	2.80588	0.360721	147	14	141	39	0.00	83	78	96	84	0.75	1	0	0	1.00	0	833	0	1	1	1	0	0	0	-2	1	nan
chr12	498267	.	CG	C	0	1	nan	0	nan	0	nan	0	0	0	nan	51	9	10.332874206932061	10.48264576662859	862.01	5	15	1	14	15	3	1199	60	60	1	25.9329	25.7157	0.617076	0.445161	2.76404	1.31888	147	14	333	48	0.24	83	78	157	224	0.03	1	0	0	1.00	0	641	0	1	1	1	0	0	0	-1	1	nan
chr12	6711144	.	ATCC	A	0	0	nan	1	nan	0	nan	0	0	0	nan	24	6	7.7071567684840065	6.51851087952294	302.89	4	7	3	19	3	2	2602	60	60	1	25.8311	25.9565	0.656774	0.784717	3.32836	-0.456358	2419	21	134	4	0.04	1250	1190	68	70	0.66	0.999957	0	0	1.00	0	24	0	0	0	0	0	0	0	-3	1	nan
chr12	6711206	.	GCTT	G	0	0	nan	1	nan	0	nan	0	0	0	nan	24	3	9.559503153439517	7.4155744810718724	338.58	4	6	3	15	4	2	2737	60	60	1	25.9087	26.7482	0.984067	0.54422	3.34586	-0.198356	2566	18	133	6	0.00	1314	1270	70	69	0.93	0.999944	0	0	1.00	0	14	0	0	0	0	0	0	0	-3	1	nan
chr12	6711545	.	CT	C	1	0	nan	0	nan	0	nan	0	0	0	nan	9	1	14.519569142239884	11.366864794453965	6.37	1	nan	nan	nan	7	3	2906	60	60	1	25.8714	27.8545	0.999994	0.208667	1.16129	-0.0473768	2733	113	31	24	0.00	1493	1353	13	42	0.00	1	0	0	1.00	0	5	0	0	0	0	0	0	0	-1	0	nan
chr12	18435398	.	GCCC	G	1	0	nan	1	nan	0	nan	0	0	0	nan	63	2	15.25385831382522	15.031094366713695	1156.52	2	4	1	1	6	2	2861	60	60	1	26.0088	26.4119	0.946604	0.0667471	3.55586	0.489111	2476	13	365	4	0.26	1185	1304	179	190	0.78	0.291515	0	0	1.00	0	3	0	0	0	0	0	0	0	-3	1	nan
chr12	49426905	.	TTGC	T	0	0	nan	1	nan	0	nan	0	0	0	nan	0	0	9.468069359040822	9.65290341598095	nan	nan	5	3	14	2	1	0	nan	nan	nan	nan	nan	nan	nan	nan	nan	0	0	0	0	1.00	0	0	0	0	1.00	nan	0	0	1.00	0	0	0	0	0	0	0	0	0	-3	0	nan
chr12	49427265	.	TTGC	T	0	0	nan	1	nan	0	nan	0	0	0	nan	7	2	7.47234580998878	7.195631544010195	120.4	1	7	3	18	2	1	1333	60	60	1	26.3838	27.4151	0.914477	0.175962	2.84615	-0.329808	1269	5	52	1	0.22	667	607	27	26	0.89	0.815125	0	0	1.00	0	6	0	0	0	0	0	0	0	-3	1	nan
chr12	49431305	.	TTGC	T	0	0	nan	1	nan	0	nan	0	0	0	nan	7	1	9.319831595870575	9.979594583514633	76.47	1	4	3	11	3	1	1842	60	60	1	26.5108	26.3077	0.440866	0.127293	2.86486	-0.262428	1795	6	37	2	0.01	1011	790	21	18	0.87	0.997066	0	0	1.00	0	2	0	0	0	0	0	0	0	-3	1	nan
chr12	49434128	.	AG	A	0	0	nan	1	nan	0	nan	0	0	0	nan	10	0	14.717009724197446	12.663203372620766	62.56	3	5	1	4	5	2	1201	60	60	1	25.8924	26.5775	0.994458	0.508396	1.4386	-0.069799	1069	18	55	14	0.00	506	581	24	45	0.06	0.989346	0	0	1.00	0	43	0	0	0	0	0	0	0	-1	1	nan
chr12	49434491	.	AG	A	1	0	nan	1	nan	0	nan	0	0	0	nan	10	0	13.569814009931315	12.478369315680629	48.35	1	5	1	4	5	2	1239	60	60	1	26.0153	26.6909	0.890624	0.722127	1.59184	-0.13029	1160	18	49	6	0.00	637	541	20	35	0.01	0.999597	0	0	1.00	0	6	0	0	0	0	0	0	0	-1	1	nan
chr12	49444922	.	TTCCTCAGGCCGGGGGGACAGGCATGGCTCCTCAGACTGGGGGGACAGGTGTGATTCCTCAGGTTGGGGGGACAAGCATGGCTCCTCAGGCACAGGAGACAGGTGCGGCTCCTCAGTCTGGGGGGACAGGTGCAATTCCTCAGGCTGAGGGGACAGATGTGGTCCCTCAGCCTGGGGGGACAAGTGTGGCTCCTCAGGCACAGCGCATAGGCATGGCTCCTCAGGCTGGGGGGACAGGTGTGGCTCCTCAGCCTGCGGAGATAGGTGTGGC	T	0	0	nan	1	nan	0	nan	0	0	0	nan	3	0	11.366864794453965	9.65290341598095	nan	nan	2	1	21	6	2	3519	59.982	60	0.587537	25.887	22.6087	0.0150683	0.628627	2.43478	-268.194	3080	257	23	0	0.25	1830	1507	14	9	0.68	0.0673965	0	0	1.00	0	159	0	0	0	0	0	0	0	-270	0	nan
chr12	49445357	.	CTCAGGTGGTGGGGATGTGGGGGAGTCCTCAGGTGGTGGGGAGAGGCGTGAAGCCTCAGGTGGAGGGGACGTGGGAGACTCCTCAGGCGGTGGGGACAAGGGAGATTCCTCAGGCGGTGGAGACAGGCGTGACACCACAGGCAGGGGGGATAGGCGCGATACCTCAGGTGGGGGGGACATAGGTGATTCT	C	0	0	nan	1	nan	0	nan	0	0	0	nan	0	0	7.177796016606022	8.983435519674819	nan	nan	2	1	14	7	4	5586	59.9578	nan	nan	26.4515	nan	nan	0.799284	nan	nan	4972	379	0	0	1.00	2838	2513	0	0	1.00	nan	0	0	1.00	0	235	0	0	0	0	0	0	0	-189	0	nan
chr12	56490319	.	T	TA	1	0	nan	1	nan	0	nan	0	0	0	nan	23	2	14.424115963177574	14.519569142239884	97.91	1	3	1	2	4	2	1903	60	60	1	25.7018	24.6742	0.034905	0.105902	1.12644	0.020535	1805	9	85	4	0.00	1053	761	53	36	0.83	0.731647	0	0	1.00	0	0	0	0	0	0	0	0	0	1	1	nan
chr12	121432116	.	GGC	G	0	0	nan	1	nan	0	nan	0	0	0	nan	14	4	13.198395929885642	10.923322032941593	53.56	3	8	1	0	9	3	1773	60	60	1	26.296	25.8701	0.260751	0.663132	2.16438	-0.498748	1594	75	73	4	0.78	709	960	27	50	0.24	0.798874	0	0	1.00	0	27	0	134	134	134	0	0	0	-2	1	nan
chr12	121432117	.	GC	G	0	0	nan	0	nan	0	nan	0	0	0	nan	18	3	13.198395929885642	11.051694279993319	91.77	3	nan	nan	nan	8	4	1756	60	60	1	26.4023	26.1111	0.31419	0.254473	1.09574	-0.158728	1000	44	94	5	0.61	445	599	45	54	0.60	0.989467	0	0	1.00	0	613	0	10	10	0	2	2	2	-1	1	nan
chr12	121432190	.	TC	T	0	0	nan	1	nan	0	nan	0	0	0	nan	7	2	13.569814009931315	11.22898194959763	40.8	3	5	1	4	5	2	1249	60	60	1	25.8999	26.8475	0.942582	0.685943	1.90196	0.216018	1120	69	51	8	0.02	374	815	15	44	0.39	0.871553	0	0	1.00	0	1	0	0	0	0	0	0	0	-1	1	nan
chr12	121434630	.	C	CTCATTCAT	0	0	nan	0	nan	1	nan	0	0	0	nan	0	0	12.418465678788756	11.913555756156152	nan	nan	nan	nan	nan	3	3	0	nan	nan	nan	nan	nan	nan	nan	nan	nan	0	0	0	0	1.00	0	0	0	0	1.00	nan	0	0	1.00	0	0	0	0	0	0	0	0	0	8	0	nan
chr12	121435149	.	TCCTGACCACCCTGCCCCCTCCTCCAAACCACGGGCTCTGGGAAGGAGAGGTGGTGCCCTTGGGAGGTCTTGGGCAGGGGTGGGATATAACTGGGGGGCCCAGCTGATTCCCTCCCCTTCCACTCCAGGCCTGGCCTCCACGCAGGCACAGAGTGTGCCGGTCATCAACAGCATGGGCAGCAG	T	0	0	nan	1	nan	0	nan	0	0	0	nan	0	0	15.25385831382522	13.270181776156882	nan	nan	3	1	14	6	1	0	nan	nan	nan	nan	nan	nan	nan	nan	nan	0	0	0	0	1.00	0	0	0	0	1.00	nan	0	0	1.00	0	0	0	0	0	0	0	0	0	-182	0	nan
chr12	133220098	.	CCA	C	0	0	nan	1	nan	0	nan	0	0	0	nan	6	1	12.0754233670889	12.020794410073883	41.58	2	6	2	10	3	2	2014	60	60	1	25.4901	26.0833	0.860078	0.233621	2.21212	-0.0214999	1962	15	33	3	0.00	1024	953	20	16	0.74	0.705839	0	0	1.00	0	1	0	0	0	0	0	0	0	-2	0	nan
chr12	133245023	.	AG	A	1	0	nan	1	nan	0	nan	0	0	0	nan	9	2	13.648067385050878	14.149733479708182	55.61	2	7	1	6	7	3	1385	60	60	1	25.1265	25.623	0.766764	0.284733	1.26667	-0.0180662	1301	11	60	1	0.42	635	677	32	29	0.60	0.620173	0	0	1.00	0	12	0	0	0	0	0	0	0	-1	1	nan
chr12	133263938	.	AT	A	1	0	nan	1	nan	0	nan	0	0	0	nan	17	0	15.141048209728318	12.359377082683551	74.72	1	3	1	2	4	4	1370	60	60	1	23.9161	25.0811	0.962725	0.590032	1.28125	-0.308782	1241	34	64	10	0.00	673	602	37	37	0.72	0.985931	0	0	1.00	0	21	0	0	0	0	0	0	0	-1	1	nan
chr13	21562482	.	C	CGGGGCG	1	1	nan	1	nan	0	nan	0	0	0	nan	2	3	8.427183382689021	8.498969228960254	284.15	1	5	1	23	5	1	454	60	60	1	27.8509	28.875	0.999886	0.515823	4.93023	-1.58559	313	27	84	26	0.00	75	265	36	74	0.03	1	0	0	1.00	0	0	0	0	0	0	0	0	0	6	1	nan
chr13	21562487	.	C	CGGGGGG	0	0	nan	1	nan	0	nan	0	0	0	nan	0	0	8.596567601851817	10.188095973245836	nan	nan	11	1	5	6	1	432	60	nan	nan	28.0909	nan	nan	1.54642	nan	nan	372	53	0	0	1.00	106	319	0	0	1.00	nan	0	0	1.00	0	3	0	0	0	0	0	0	0	6	0	nan
chr13	26975608	.	CCAG	C	0	0	nan	1	nan	0	nan	0	0	0	nan	15	0	11.413816006537763	10.717456725123819	148.55	1	5	3	12	3	2	2412	60	60	1	25.7935	25.7206	0.612669	0.0606319	2.79104	-0.269587	2325	19	66	2	0.12	1298	1046	38	30	1.00	0.772096	0	0	1.00	0	0	0	0	0	0	0	0	0	-3	1	nan
chr13	28602226	.	AAGAG	A	0	0	nan	0	nan	1	nan	0	0	0	nan	0	0	8.019733705788427	8.356564837814155	nan	nan	nan	nan	nan	6	5	0	nan	nan	nan	nan	nan	nan	nan	nan	nan	0	0	0	0	1.00	0	0	0	0	1.00	nan	0	0	1.00	0	0	0	0	0	0	0	0	0	-4	0	nan
chr13	28602226	.	AAG	A	0	0	nan	0	nan	1	nan	0	0	0	nan	0	0	8.019733705788427	8.356564837814155	nan	nan	nan	nan	nan	6	5	0	nan	nan	nan	nan	nan	nan	nan	nan	nan	0	0	0	0	1.00	0	0	0	0	1.00	nan	0	0	1.00	0	0	0	0	0	0	0	0	0	-2	0	nan
chr14	36986888	.	CCCG	C	0	0	nan	1	nan	0	nan	0	0	0	nan	2	1	8.427183382689021	10.757856503141216	36.73	1	5	1	10	5	1	864	60	60	1	26.295	29.3103	0.999988	0.57371	3.42105	-0.152657	811	23	19	10	0.00	588	246	12	17	0.00	0.999999	0	0	1.00	0	1	0	1	1	0	0	0	0	-3	1	nan
chr14	102551160	.	ATCT	A	0	0	nan	1	nan	0	nan	0	0	0	nan	24	3	8.876854837854253	8.696409810917826	366.0	1	6	3	16	4	1	1992	59.9957	57.035	3.34636e-134	26.5974	26.2168	0.263874	0.0967391	2.83571	-0.261025	1832	11	140	3	0.07	761	1082	67	76	0.22	0.999722	0	0	1.00	0	6	0	0	0	0	0	0	0	-3	1	nan
chr14	102551795	.	T	TTAA	0	0	nan	0	nan	1	nan	0	0	0	nan	0	0	15.736905109570774	15.48866927232045	nan	nan	nan	nan	nan	5	2	0	nan	nan	nan	nan	nan	nan	nan	nan	nan	0	0	0	0	1.00	0	0	0	0	1.00	nan	0	0	1.00	0	0	0	0	0	0	0	0	0	3	0	nan
chr14	105242072	.	TCTC	T	0	0	nan	1	nan	0	nan	0	0	0	nan	8	0	12.856254924574628	11.8089014193745	58.79	1	4	3	11	3	3	2666	60	60	1	25.5432	28.28	0.999998	0.0890575	2.96875	-0.120308	2493	121	32	18	0.00	1207	1407	16	34	0.06	0.999998	0	0	1.00	0	2	0	0	0	0	0	0	0	-3	0	nan
chr15	66679649	.	T	TC	1	0	nan	1	nan	0	nan	0	0	0	nan	24	3	13.569814009931315	11.22898194959763	84.55	1	7	1	6	6	2	1624	60	60	1	25.499	26.3871	0.994269	0.401278	1.36	-0.0412784	1402	81	100	24	0.00	810	673	61	63	0.26	0.952817	0	0	1.00	0	17	0	0	0	0	0	0	0	1	1	nan
chr15	91303325	.	CTT	C	0	0	nan	0	nan	0	nan	0	0	0	nan	25	3	13.058288785457496	11.509269185600067	170.02	1	nan	nan	nan	13	2	1628	60	60	1	25.6224	26.1867	0.935246	0.206751	1.89552	-0.311229	938	26	132	18	0.00	676	288	97	53	0.18	0.998699	0	0	1.00	0	514	0	0	0	0	0	0	0	-2	1	nan
chr15	91303325	.	CT	C	0	1	nan	1	nan	0	nan	0	0	0	nan	69	6	13.058288785457496	11.509269185600067	319.99	1	12	1	11	12	2	1628	60	60	1	25.6224	24.8328	0.0512439	0.206751	1.12957	-0.0771829	938	26	301	16	0.05	676	288	195	122	0.01	0.694234	0	0	1.00	0	347	0	0	0	0	0	0	0	-1	1	nan
chr15	91303325	.	C	CT	0	0	nan	0	nan	0	nan	0	0	0	nan	26	2	13.058288785457496	11.509269185600067	120.24	1	nan	nan	nan	12	2	1628	60	60	1	25.6224	25.0807	0.58127	0.206751	1.24138	0.0346283	938	26	145	16	0.00	676	288	97	64	0.02	0.88777	0	0	1.00	0	503	0	0	0	0	0	0	0	1	1	nan
chr15	91304138	.	G	GA	0	0	nan	1	nan	0	nan	0	0	0	nan	11	3	14.149733479708182	13.569814009931315	42.93	1	10	1	9	9	3	2985	60	60	1	25.8688	26.6622	0.892402	0.0654533	1	-0.0654533	2835	23	73	1	0.46	1420	1438	41	33	0.35	0.971352	0	0	1.00	0	53	0	0	0	0	0	0	0	1	1	nan
chr15	93444441	.	TC	T	1	0	nan	1	nan	0	nan	0	0	0	nan	14	0	13.891660843645319	13.975992519013953	70.67	1	5	1	4	5	2	2145	60	60	1	25.6129	26.3067	0.879864	0.102998	1	-0.102998	2065	4	73	2	0.02	1211	858	44	31	1.00	0.935247	0	0	1.00	0	1	0	0	0	0	0	0	0	-1	1	nan
chr15	93492314	.	G	GA	1	0	nan	1	nan	0	nan	0	0	0	nan	20	2	14.617167515131442	12.186787028268498	68.42	1	6	1	5	5	2	2495	60	60	1	26.1226	27.1453	0.999937	0.119794	1.04706	-0.0727351	2315	59	85	32	0.00	833	1541	35	82	0.28	1	0	0	1.00	0	4	0	0	0	0	0	0	0	1	1	nan
chr15	93540315	.	G	GA	0	0	nan	1	nan	0	nan	0	0	0	nan	30	10	13.417414344363948	12.600713879850748	131.38	1	11	1	10	10	2	2572	60	60	1	25.8227	24.7572	0.0488726	0.0854293	1.14535	0.0599195	2293	14	171	2	0.31	1064	1243	84	89	0.58	0.812258	0	0	1.00	0	92	0	0	0	0	0	0	0	1	1	nan
chr15	93540315	.	GA	G	0	0	nan	0	nan	0	nan	0	0	0	nan	17	1	13.417414344363948	12.600713879850748	35.21	1	nan	nan	nan	10	2	2572	60	60	1	25.8227	24.5493	0.0252689	0.0854293	1.05714	-0.0282865	2293	14	70	1	0.37	1064	1243	33	38	1.00	0.951033	0	0	1.00	0	194	0	0	0	0	0	0	0	-1	1	nan
chr15	93545433	.	G	GA	0	0	nan	1	nan	0	nan	0	0	0	nan	3	2	10.798635627345615	8.747205066210578	20.37	1	10	1	9	8	1	872	60	60	1	24.5568	27.3684	0.999585	0.261146	1.35714	0.0959964	779	40	28	10	0.00	268	551	9	29	0.29	0.955751	0	0	1.00	0	15	0	0	0	0	0	0	0	1	1	nan
chr15	99478505	.	A	AC	0	0	nan	0	nan	1	nan	0	0	0	nan	0	0	14.424115963177574	13.417414344363948	nan	nan	nan	nan	nan	3	2	0	nan	nan	nan	nan	nan	nan	nan	nan	nan	0	0	0	0	1.00	0	0	0	0	1.00	nan	0	0	1.00	0	0	0	0	0	0	0	0	0	1	0	nan
chr16	3778400	.	TTGC	T	0	0	nan	1	nan	0	nan	0	0	0	nan	4	2	7.60777154314221	5.488669272320444	55.44	2	4	3	11	3	2	1350	60	60	1	26.7059	28.1143	0.994613	0.256767	3	-0.256767	1286	23	26	9	0.00	685	624	15	20	0.31	0.999991	0	0	1.00	0	6	0	0	0	0	0	0	0	-3	1	nan
chr16	3779135	.	GTGC	G	0	0	nan	1	nan	0	nan	0	0	0	nan	0	0	12.301081646076316	10.839801289293934	nan	nan	4	3	11	4	4	0	nan	nan	nan	nan	nan	nan	nan	nan	nan	0	0	0	0	1.00	0	0	0	0	1.00	nan	0	0	1.00	0	0	0	0	0	0	0	0	0	-3	0	nan
chr16	3779217	.	G	GC	0	1	nan	0	nan	0	nan	0	0	0	nan	0	0	12.0754233670889	11.051694279993319	nan	nan	nan	nan	nan	8	8	0	nan	nan	nan	nan	nan	nan	nan	nan	nan	0	0	0	0	1.00	0	0	0	0	1.00	nan	0	0	1.00	0	0	0	0	0	0	0	0	0	1	0	nan
chr16	23637580	.	GT	G	1	0	nan	1	nan	0	nan	0	0	0	nan	21	0	13.975992519013953	14.717009724197446	76.11	1	5	1	4	5	2	2982	60	60	1	25.7877	25.2065	0.190431	0.0512643	1.06593	0.0146698	2875	13	91	1	0.36	1703	1185	52	40	0.67	0.695024	0	0	1.00	0	2	0	0	0	0	0	0	0	-1	1	nan
chr16	31143202	.	GCCCCAGCCTCCCGCAGAGTCCTGAAGGAAGGAGTGGCTCAAGTCAGGCCCTGGGTCCAAAGGCCATCAGGGAAGGACCAGGCTCCTGTCCTTGAGTGTGATGCATCCATCCTGGAAGTAGGGCCAGCTCAGTGCTCGCTGAGCCATGGGGAGAGGAGGCCCAGAGCCAGGCCCAGAGGCAGGAAAAGGATGGGCCTCAGCAAGCCCTGGGCTGGGGCAGAGCTGAAGGCCAGGTGGCTGCCACAGAGGTTGCTGTCGGGCTGGGACTCCTGGGTTTGGGGCACCACACGAGGCTGGAGTTCTGTCACCTTGCTTTGGATCCAGGAGGCATAGCTGGAGGCCAGAGTGTACACACCAGGCCTGTTGCGGGCCCCACAGGCATCTCCCCAGCTCACAATGCCCGTCAGGTACCAGAGACCCTCCACAGGGCAGGAGAGTGGGC	G	0	0	nan	1	nan	0	nan	0	0	0	nan	0	0	13.343174163571872	13.198395929885642	nan	nan	5	1	6	5	5	0	nan	nan	nan	nan	nan	nan	nan	nan	nan	0	0	0	0	1.00	0	0	0	0	1.00	nan	0	0	1.00	0	0	0	0	0	0	0	0	0	-441	0	nan
chr16	68771347	.	CGCT	C	0	0	nan	1	nan	0	nan	0	0	0	nan	2	0	10.637767428411065	11.27445822710484	20.71	1	5	3	14	3	3	712	60	60	1	25.5051	29.5238	0.999963	4.22452	12.5455	5.32093	626	63	11	10	0.00	331	358	7	14	0.27	0.955281	0	0	1.00	0	0	0	0	0	0	0	0	0	-3	0	nan
chr16	68771418	.	C	CGCCCCAGCCCCGT	0	0	nan	0	nan	1	nan	0	0	0	nan	87	27	14.239281906237442	11.320415743996328	nan	nan	nan	nan	nan	6	6	670	60	60	1	25.5026	26.4126	0.966777	0.586207	11.3593	-2.22687	174	21	423	52	1.00	91	104	205	270	0.44	1	0	0	1.00	0	0	0	0	0	0	0	0	0	13	0	nan
chr16	72821593	.	AGCC	A	0	0	nan	0	nan	0	nan	0	0	0	nan	4	1	6.397865765509135	4.176404667846973	61.32	1	nan	nan	nan	2	2	1646	60	60	1	26.0203	29.4231	1	1.39831	3.3125	-1.08581	1295	86	32	20	0.00	661	720	19	33	0.12	1	0	0	1.00	0	213	0	0	0	0	0	0	0	-3	1	nan
chr16	72821593	.	AGCCGCCGCC	A	0	1	nan	1	nan	0	nan	0	0	0	nan	33	10	6.397865765509135	4.176404667846973	354.66	1	8	3	15	2	2	1646	60	60	1	26.0203	26.3913	0.959616	1.39831	7.96045	-2.43786	1295	86	175	31	0.00	661	720	85	121	0.09	1	0	0	1.00	0	58	0	0	0	0	0	0	0	-9	1	nan
chr16	72821642	.	ACCG	A	0	0	nan	1	nan	0	nan	0	0	0	nan	6	1	5.488669272320444	5.611013836490559	nan	nan	5	3	12	4	1	1703	60	60	1	24.8012	26.766	0.999148	2.06543	5.35484	0.289406	1505	100	31	16	0.00	811	794	16	31	0.03	0.980496	0	0	1.00	0	51	0	0	0	0	0	0	0	-3	1	nan
chr16	81904433	.	TG	T	0	0	nan	0	nan	1	nan	0	0	0	nan	0	0	14.617167515131442	12.0754233670889	nan	nan	nan	nan	nan	6	2	0	nan	nan	nan	nan	nan	nan	nan	nan	nan	0	0	0	0	1.00	0	0	0	0	1.00	nan	0	0	1.00	0	0	0	0	0	0	0	0	0	-1	0	nan
chr16	89831344	.	CAG	C	0	0	nan	1	nan	0	nan	0	0	0	nan	30	3	12.856254924574628	12.478369315680629	215.89	1	5	2	8	3	3	2433	60	60	1	25.4924	25.6493	0.773496	0.113537	1.936	-0.177537	2281	18	124	10	0.00	1224	1075	63	71	0.18	0.997549	0	0	1.00	0	0	0	0	0	0	0	0	0	-2	1	nan
chr17	7579643	.	CCCCCAGCCCTCCAGGT	C	0	0	nan	0	nan	1	nan	0	0	0	nan	0	0	5.537194300264563	6.595652247257339	nan	nan	nan	nan	nan	6	1	0	nan	nan	nan	nan	nan	nan	nan	nan	nan	0	0	0	0	1.00	0	0	0	0	1.00	nan	0	0	1.00	0	0	0	0	0	0	0	0	0	-16	0	nan
chr17	11924222	.	AGCG	A	0	0	nan	1	nan	0	nan	0	0	0	nan	1	0	8.747205066210578	8.824529568517484	11.29	2	4	3	11	4	2	477	60	60	1	26.408	28.9	0.931542	1.03581	2.71429	-1.32152	390	61	7	3	0.15	192	259	3	7	0.53	0.53733	0	0	1.00	0	16	0	0	0	0	0	0	0	-3	0	nan
chr17	16097909	.	CTG	C	0	0	nan	1	nan	0	nan	0	0	0	nan	0	0	17.434415919817397	13.569814009931315	nan	nan	2	2	2	3	2	1295	59.1837	60	0.688287	25.9798	33	0.999965	0.405024	nan	nan	1266	24	0	4	0.00	411	879	0	4	0.31	0.999682	0	0	1.00	0	1	0	0	0	0	0	0	0	-2	0	nan
chr17	36093863	.	G	GCAGA	0	0	nan	0	nan	1	nan	0	0	0	nan	0	0	9.349077126043744	9.1204482964487	nan	nan	nan	nan	nan	2	2	0	nan	nan	nan	nan	nan	nan	nan	nan	nan	0	0	0	0	1.00	0	0	0	0	1.00	nan	0	0	1.00	0	0	0	0	0	0	0	0	0	4	0	nan
chr17	37884217	.	CG	C	1	0	nan	1	nan	0	nan	0	0	0	nan	30	2	13.975992519013953	11.966844091206816	101.62	1	6	1	5	6	2	2586	60	60	1	25.1218	24.8607	0.27796	0.138549	1.09091	-0.0476402	2442	9	121	1	0.39	1133	1318	55	67	0.85	0.879288	0	0	1.00	0	9	0	0	0	0	0	0	0	-1	1	nan
chr17	40370235	.	TG	T	0	0	nan	1	nan	0	nan	0	0	0	nan	19	1	13.270181776156882	14.061994236633124	46.18	1	8	1	7	8	2	2863	59.9556	60	0.709258	24.7077	25.3735	0.846528	0.163325	1.11111	-0.0522137	2728	19	81	2	0.12	1465	1282	44	39	1.00	0.989187	0	0	1.00	0	33	0	0	0	0	0	0	0	-1	1	nan
chr17	43364293	.	C	CG	1	1	nan	1	nan	1	nan	0	0	0	nan	453	7	15.369677039323362	14.061994236633124	5943.41	1	2	1	1	5	5	2114	60	60	1	27.7692	25.5773	0.00262329	1.81579	1.39585	-1.41994	38	1	2065	10	0.19	13	26	997	1078	0.08	1	0	0	1.00	0	0	0	0	0	0	0	0	0	1	1	nan
chr17	47688881	.	T	TAGAG	0	0	nan	0	nan	1	nan	0	0	0	nan	0	0	14.330715700636144	13.648067385050878	nan	nan	nan	nan	nan	7	2	0	nan	nan	nan	nan	nan	nan	nan	nan	nan	0	0	0	0	1.00	0	0	0	0	1.00	nan	0	0	1.00	0	0	0	0	0	0	0	0	0	4	0	nan
chr17	56435160	.	AC	A	1	0	nan	0	nan	0	nan	0	0	0	nan	6	1	13.808935583985427	14.424115963177574	7.09	2	nan	nan	nan	7	2	2645	60	60	1	26.0743	26.0667	0.653394	0.312836	1.23077	-0.082067	2592	18	26	4	0.00	1275	1335	17	13	0.46	0.979017	0	0	1.00	0	5	0	0	0	0	0	0	0	-1	0	nan
chr17	63532554	.	ACGGGGGGTGGTG	A	1	0	nan	1	nan	0	nan	0	0	0	nan	12	3	12.539110792802566	12.418465678788756	229.06	2	2	3	6	7	2	1813	60	60	1	23.9982	28.0879	1	0.536723	8.97468	-3.56204	1584	90	78	13	0.00	838	836	42	49	0.52	0.571121	0	0	1.00	0	48	0	12	12	12	0	0	0	-12	1	nan
chr19	5231543	.	CCGG	C	0	0	nan	1	nan	0	nan	0	0	0	nan	0	0	13.727756681763637	13.198395929885642	nan	nan	4	3	9	4	2	0	nan	nan	nan	nan	nan	nan	nan	nan	nan	0	0	0	0	1.00	0	0	0	0	1.00	nan	0	0	1.00	0	0	0	0	0	0	0	0	0	-3	0	nan
chr19	11145715	.	TGAG	T	0	0	nan	1	nan	0	nan	0	0	0	nan	5	0	11.860913356232574	11.757505022850385	41.0	3	5	3	12	2	2	1614	60	60	1	24.1045	28.9167	1	0.275118	3.5	0.224882	1474	48	22	26	0.00	695	827	10	38	0.00	1	0	0	1.00	0	44	0	0	0	0	0	0	0	-3	0	nan
chr19	15349680	.	TTGC	T	0	0	nan	1	nan	0	nan	0	0	0	nan	0	0	7.955392605734327	7.249581862877256	17.52	1	4	3	11	2	1	875	60	60	1	27.0023	30.9231	0.999937	0.242925	3	-0.242925	843	13	9	4	0.00	527	329	6	7	0.27	0.987537	0	0	1.00	0	6	0	0	0	0	0	0	0	-3	0	nan
chr19	33792754	.	GGGC	G	0	0	nan	1	nan	0	nan	0	0	0	nan	1	0	6.64260345934114	8.523163970194386	5.71	1	7	3	18	4	2	87	60	60	1	24.7654	27.6667	0.941377	0.392405	3.25	-0.142405	79	2	4	2	0.02	53	28	3	3	0.66	0.991333	0	0	1.00	0	0	0	0	0	0	0	0	0	-3	0	nan
chr19	42799299	.	TC	T	1	0	nan	1	nan	0	nan	0	0	0	nan	0	0	10.965692562374143	12.186787028268498	12.14	1	7	1	6	7	2	491	60	60	1	29.4274	28.1111	0.300087	0.394397	1.25	-0.144397	448	20	16	2	0.19	19	449	2	16	0.18	0.285037	0	0	1.00	0	5	0	0	0	0	0	0	0	-1	1	nan
chr19	50920978	.	AGGGGGCGGGTGGGCTGGGCAGCAGGCGGGGACCAAAGTCCTGGGAACAGCCCCCACCCCTCTCCCAGGCTGGGCACTGGGCCTTGGCTGGTCCTGACCCTGCCCCTGCCCCCACCCGCAGCCGGGACTGCCCCATCTTCTACATGCGCAAGAAGGTGCGGAAGGACCTGGAAGACCAGGAGCAGCTCCTGCGGCGCTTCGGACCCCCTGGACCTGAGGCCTGGTGACCTTGCAAGCATCCCATGGGGC	A	0	0	nan	1	nan	0	nan	0	0	0	nan	0	0	12.856254924574628	11.757505022850385	nan	nan	1	1	9	5	2	0	nan	nan	nan	nan	nan	nan	nan	nan	nan	0	0	0	0	1.00	0	0	0	0	1.00	nan	0	0	1.00	0	0	0	0	0	0	0	0	0	-248	0	nan
chr20	31022441	.	A	AG	0	0	nan	1	nan	0	nan	0	0	0	nan	11	0	9.748356595043257	10.332874206932061	55.84	1	9	1	8	8	2	2336	60	60	1	27.276	27.1373	0.996725	0.50726	1.77778	0.270517	2059	86	75	22	0.00	1134	1011	50	47	0.84	0.999814	0	0	1.00	0	89	0	0	0	0	0	0	0	1	1	nan
chr20	31022441	.	AG	A	0	0	nan	0	nan	0	nan	0	0	0	nan	8	1	9.748356595043257	10.332874206932061	50.13	1	nan	nan	nan	8	2	2336	60	60	1	27.276	28.3867	0.998577	0.50726	1.51613	0.00886863	2059	86	61	14	0.00	1134	1011	30	45	0.03	0.99996	0	0	1.00	0	116	0	0	0	0	0	0	0	-1	1	nan
chr20	52197948	.	GAGAC	G	0	0	nan	0	nan	1	nan	0	0	0	nan	0	0	11.051694279993319	12.600713879850748	nan	nan	nan	nan	nan	6	6	0	nan	nan	nan	nan	nan	nan	nan	nan	nan	0	0	0	0	1.00	0	0	0	0	1.00	nan	0	0	1.00	0	0	0	0	0	0	0	0	0	-4	0	nan
chr20	57429511	.	AGCCCCAGCCGATCCTGACTCCGGGGCAACCCCAGAAGATCCCGACTCCGGGACAGCACCAGCCGATCCTGACTCCGGGGCATTCGCAGCCGATCCCGACTCCGGGGCAGCCCCTGCCGCCCCAGCCGATCCCGACTCCGGGGCGGCCCCTGAC	A	0	0	nan	1	nan	0	nan	0	0	0	nan	0	0	12.130748253088514	6.412764390134243	nan	nan	1	1	14	5	2	4363	59.9705	nan	nan	25.466	nan	nan	0.28219	nan	nan	4043	133	0	0	1.00	2132	2044	0	0	1.00	nan	0	0	1.00	0	187	0	0	0	0	0	0	0	-153	0	nan
chr21	42837951	.	TG	T	1	0	nan	1	nan	0	nan	0	0	0	nan	17	0	15.369677039323362	13.343174163571872	130.38	1	4	1	0	5	5	2211	60	60	1	25.6577	26.4505	0.973794	0.146654	1.07317	-0.0734833	2093	25	81	10	0.00	1253	865	50	41	0.45	0.985473	0	0	1.00	0	2	0	0	0	0	0	0	0	-1	1	nan
chr21	42838093	.	G	GA	0	0	nan	0	nan	0	nan	0	0	0	nan	23	8	13.808935583985427	13.198395929885642	81.92	6	nan	nan	nan	10	3	2990	60	60	1	25.9183	26.2051	0.9878	0.305052	1.39231	0.0872556	2581	75	130	26	0.00	1300	1356	67	89	0.16	0.999999	0	0	1.00	0	178	0	0	0	0	0	0	0	1	1	nan
chr21	42838093	.	GA	G	0	0	nan	1	nan	0	nan	0	0	0	nan	32	6	13.808935583985427	13.198395929885642	95.85	6	10	1	9	10	3	2990	60	60	1	25.9183	25.7764	0.628321	0.305052	1.22695	-0.0781017	2581	75	140	21	0.00	1300	1356	71	90	0.26	0.999984	0	0	1.00	0	173	0	0	0	0	0	0	0	-1	1	nan
chr21	42842713	.	C	CCTAAGGCCTCGGG	0	0	nan	0	nan	1	nan	0	0	0	nan	0	0	16.280481732796684	11.860913356232574	nan	nan	nan	nan	nan	3	2	0	nan	nan	nan	nan	nan	nan	nan	nan	nan	0	0	0	0	1.00	0	0	0	0	1.00	nan	0	0	1.00	0	0	0	0	0	0	0	0	0	13	0	nan
chr21	44513110	.	G	GTT	0	0	nan	0	nan	0	nan	0	0	0	nan	39	9	10.923322032941593	12.020794410073883	42.08	1	nan	nan	nan	12	2	1492	60	60	1	26.0055	26.9206	0.999781	0.219146	1.397	-0.822143	866	50	263	52	0.00	657	259	205	110	0.03	0.999836	0	0	1.00	0	261	0	0	0	0	0	0	0	2	1	nan
chr21	44513110	.	GT	G	0	0	nan	0	nan	0	nan	0	0	0	nan	38	5	10.923322032941593	12.020794410073883	237.93	1	nan	nan	nan	11	2	1492	60	60	1	26.0055	26.1584	0.460001	0.219146	1.08738	-0.131768	866	50	202	19	0.08	657	259	145	76	0.08	0.887947	0	0	1.00	0	355	0	0	0	0	0	0	0	-1	1	nan
chr21	44513110	.	G	GT	0	1	nan	1	nan	0	nan	0	0	0	nan	39	9	10.923322032941593	12.020794410073883	244.2	1	12	1	11	11	2	1492	60	60	1	26.0055	26.9206	0.999781	0.219146	1.397	0.177857	866	50	263	52	0.00	657	259	205	110	0.03	0.999836	0	0	1.00	0	261	0	0	0	0	0	0	0	1	1	nan
chr21	44514969	.	A	ATG	0	0	nan	0	nan	1	nan	0	0	0	nan	0	0	13.891660843645319	13.569814009931315	nan	nan	nan	nan	nan	3	3	0	nan	nan	nan	nan	nan	nan	nan	nan	nan	0	0	0	0	1.00	0	0	0	0	1.00	nan	0	0	1.00	0	0	0	0	0	0	0	0	0	2	0	nan
chr22	23631813	.	G	GC	0	1	nan	1	nan	0	nan	0	0	0	nan	167	17	14.819201376014313	13.058288785457496	1255.68	3	8	1	7	7	4	2726	60	60	1	25.7437	25.9551	0.856581	0.18363	2.98072	1.79709	1847	26	826	20	0.08	965	908	410	436	0.15	0.999997	0	0	1.00	0	7	0	0	0	0	0	0	0	1	1	nan
chr22	23632777	.	G	GT	1	1	nan	1	nan	0	nan	0	0	0	nan	115	3	13.648067385050878	13.058288785457496	1170.56	1	6	1	5	5	2	1946	60	60	1	25.9189	26.477	0.992042	0.3372	1.553	0.215795	1286	8	649	3	0.76	605	689	310	342	0.77	0.984693	0	0	1.00	0	0	0	0	0	0	0	0	0	1	1	nan
chr22	23633009	.	C	CT	0	0	nan	0	nan	0	nan	0	0	0	nan	6	0	13.648067385050878	13.891660843645319	18.18	5	nan	nan	nan	9	2	1743	60	60	1	25.9473	28.4444	0.999969	0.474088	1.31429	-0.159803	1550	43	34	11	0.00	691	902	20	25	0.88	0.899828	0	0	1.00	0	105	0	0	0	0	0	0	0	1	1	nan
chr22	23633009	.	CT	C	0	0	nan	1	nan	0	nan	0	0	0	nan	21	5	13.648067385050878	13.891660843645319	75.71	5	9	1	8	9	2	1743	60	60	1	25.9473	25.7404	0.476419	0.474088	1.17895	-0.295141	1550	43	95	9	0.00	691	902	45	59	1.00	0.976402	0	0	1.00	0	46	0	0	0	0	0	0	0	-1	1	nan
chr22	29445818	.	ACAG	A	0	0	nan	1	nan	0	nan	0	0	0	nan	12	3	9.621546277452365	9.684488608429248	176.25	1	6	3	16	3	1	2020	60	60	1	26.13	27.1646	0.970813	0.117708	2.88312	-0.234591	1928	11	77	2	0.09	1001	938	39	40	0.73	0.95091	0	0	1.00	0	2	0	0	0	0	0	0	0	-3	1	nan
chr22	29685620	.	G	GA	0	0	nan	1	nan	0	nan	0	0	0	nan	14	3	12.130748253088514	13.417414344363948	70.18	1	11	1	10	10	2	2284	60	60	1	25.6745	25.5505	0.731807	0.376493	1.52885	0.152353	2080	18	104	5	0.00	956	1142	51	58	0.84	0.969304	0	0	1.00	0	77	0	0	0	0	0	0	0	1	1	nan
chr22	29685620	.	GA	G	0	0	nan	0	nan	0	nan	0	0	0	nan	12	2	12.130748253088514	13.417414344363948	26.88	1	nan	nan	nan	10	2	2284	60	60	1	25.6745	26.0484	0.739601	0.376493	1.08772	-0.288774	2080	18	56	6	0.00	956	1142	21	41	0.07	0.540243	0	0	1.00	0	124	0	0	0	0	0	0	0	-1	1	nan
chr22	29685914	.	ATACTC	A	1	0	nan	1	nan	0	nan	0	0	0	nan	8	1	13.975992519013953	13.975992519013953	145.6	1	4	1	2	6	6	2676	60	60	1	25.6734	26.8947	0.979327	0.0576997	4.21429	-0.843414	2604	14	56	1	0.28	1257	1361	23	34	0.28	0.33336	0	0	1.00	0	1	0	0	0	0	0	0	0	-5	1	nan
chr22	29687480	.	G	GC	1	0	nan	1	nan	0	nan	0	0	0	nan	21	2	15.611013836490557	14.149733479708182	64.33	1	8	1	7	7	2	2480	60	60	1	25.9219	25.3263	0.16546	0.115595	1.19355	0.0779536	2367	16	92	3	0.03	1170	1213	45	50	0.75	0.524285	0	0	1.00	0	2	0	0	0	0	0	0	0	1	1	nan
chr22	29687621	.	TA	T	0	0	nan	1	nan	0	nan	0	0	0	nan	8	0	13.127777385010779	11.966844091206816	23.22	3	9	1	8	9	4	2281	60	60	1	26.924	27.434	0.940304	0.128806	1.13333	0.00452771	2121	49	45	8	0.00	1063	1107	21	32	0.21	0.997375	0	0	1.00	0	58	0	0	0	0	0	0	0	-1	1	nan
chr22	41566524	.	CA	C	1	0	nan	1	nan	0	nan	0	0	0	nan	34	4	14.717009724197446	15.141048209728318	88.55	2	7	1	6	7	2	2626	60	60	1	25.0744	24.7121	0.210659	0.230613	1.19531	-0.0353006	2439	49	127	5	0.19	1177	1311	63	69	0.93	0.999901	0	0	1.00	0	6	0	0	0	0	0	0	0	-1	1	nan
chr22	41574969	.	TGTA	T	1	0	nan	1	nan	0	nan	0	0	0	nan	18	3	12.600713879850748	12.726605152930953	267.47	1	2	3	3	5	4	1723	60	60	1	25.6605	25.53	0.479321	0.0971535	2.67677	-0.420386	1607	10	99	1	0.48	507	1110	30	70	0.82	0.940549	0	0	1.00	0	6	0	0	0	0	0	0	0	-3	1	nan
chrX	47030466	.	AGGC	A	0	0	nan	1	nan	0	nan	0	0	0	nan	11	0	11.22898194959763	10.40711438772413	83.5	2	5	3	12	3	2	1461	60	60	1	25.4067	28.0833	1	0.328416	3	-0.328416	1282	100	38	34	0.00	681	701	17	55	0.00	1	0	0	1.00	0	7	0	0	0	0	0	0	0	-3	1	nan
chrX	47030560	.	GGGA	G	0	0	nan	0	nan	0	nan	0	0	0	nan	8	9	6.068588742097311	6.194480015177516	102.9	2	8	3	21	5	3	1273	60	60	1	27.162	28.2	0.999766	0.42658	3.04688	-0.379705	1070	103	64	26	0.00	551	622	30	60	0.02	1	0	0	1.00	0	10	0	0	0	0	0	0	0	-3	1	nan
chrX	47030585	.	TGAG	T	0	0	nan	1	nan	0	nan	0	0	0	nan	0	3	6.595652247257339	7.249581862877256	nan	nan	5	3	12	2	1	1258	60	60	1	26.6421	30	1	0.485213	3.17391	-0.3113	1076	92	23	20	0.00	538	630	12	31	0.02	1	0	0	1.00	0	47	0	2	0	0	0	0	0	-3	1	nan
chrX	53221942	.	ACTCCAGGGGCCGGCCCCCAGGAGCTGAGGTCTGAACAATACCTTGGAGTCAGAATACAAAAGTCAAGGGACTCAGGGGTGGGCGGGTAGCAGGGATGGCCACCCCCCTACCCGCCCACCCCCCAAGAAGCAGGCTTGATGGTCAGAAAGAGGATCCTTGAGGCCGAGGGGGGTCTCTGTCAGGGTCTGTGCTAGGCTCAGCCACTGTCACAACTGTTGCTGAGGCGGCTGCTGTGGGCAGGGCAGATGCAGCCGGGGAGTCAGAGTGGAGAAAGGGGCCGAGGGGCCTGAAGTGGTCCCTTCCGCCGGTTCCAAGCCATTCTGGTTCTCCTGGGTGCTGGGGCTGCCAGTGGTGGGGATGGGTGCAGGGGGGCCCTCACCCCCAGTCTCCTCCTCCAGCTCTTCCTCCTCCTGGACCTCCTCAGCCTCTGGCCCTGAGCTCCGTACCCTCTTTGGCTCTAGCTCCTCTCGGGCTGGGTCATCGCCCTCCCCACCCCGATCCACCTTCCGCCGCCGCCGCCT	A	0	0	nan	1	nan	0	nan	0	0	0	nan	0	0	14.149733479708182	13.727756681763637	nan	nan	2	2	8	6	2	264	60	nan	nan	28.6312	nan	nan	0.333333	nan	nan	181	82	0	0	1.00	93	170	0	0	1.00	nan	0	0	1.00	0	1	0	0	0	0	0	0	0	-521	0	nan
chrX	53222043	.	A	AC	1	1	nan	1	nan	1	nan	0	0	0	nan	0	1	12.790946252985055	14.061994236633124	73.22	1	7	1	6	6	2	121	60	60	1	30	29.5699	0.161943	0.166667	1.90909	0.742424	6	20	33	60	0.34	6	20	5	88	0.01	0.999686	0	0	1.00	0	2	0	1	1	1	0	0	0	1	1	nan
chrX	66765158	.	TGCAGCAGCA	T	0	0	nan	0	nan	0	nan	0	0	0	nan	0	5	3.9589946702350094	1.0822017950395042	30.83	1	nan	nan	nan	3	2	647	60	60	1	25.6917	27.0625	0.867239	0.277311	9.2	-0.0773109	354	6	15	1	0.26	179	181	3	13	0.02	0.999999	0	0	1.00	0	271	0	0	0	0	0	0	0	-9	1	nan
chrX	66765158	.	TGCAGCAGCAGCAGCAGCAGCAGCAGCAGCAGCA	T	0	0	nan	0	nan	0	nan	0	0	0	nan	3	12	3.9589946702350094	1.0822017950395042	182.85	1	nan	nan	nan	3	2	647	60	60	1	25.6917	27.6038	0.997384	0.277311	10.25	-23.0273	354	6	52	1	1.00	179	181	22	31	0.30	1	0	0	1.00	0	234	0	0	0	0	0	0	0	-33	1	nan
chrX	66765158	.	TGCAGCA	T	0	0	nan	0	nan	0	nan	0	0	0	nan	1	7	3.9589946702350094	1.0822017950395042	78.31	1	nan	nan	nan	3	2	647	60	60	1	25.6917	26.3714	0.862718	0.277311	5.14706	-1.13025	354	6	33	2	0.15	179	181	9	26	0.01	0.999596	0	0	1.00	0	252	0	0	0	0	0	0	0	-6	1	nan
chrX	66765158	.	TGCA	T	0	1	nan	0	nan	0	nan	0	0	0	nan	0	12	3.9589946702350094	1.0822017950395042	102.47	1	nan	nan	nan	3	2	647	60	60	1	25.6917	25.2051	0.465368	0.277311	3.18421	-0.0931004	354	6	38	1	0.52	179	181	10	29	0.00	1	0	0	1.00	0	248	0	0	0	0	0	0	0	-3	1	nan
chrX	66765158	.	T	TGCAGCAGCA	0	1	nan	0	nan	0	nan	0	0	0	nan	2	17	3.9589946702350094	1.0822017950395042	81.76	1	nan	nan	nan	3	2	647	60	60	1	25.6917	25.3506	0.679674	0.277311	5.52055	-3.75676	354	6	73	4	0.08	179	181	17	60	0.00	1	0	0	1.00	0	210	0	0	0	0	0	0	0	9	1	nan
chrX	66765158	.	T	TGCAGCA	0	0	nan	0	nan	0	nan	0	0	0	nan	2	17	3.9589946702350094	1.0822017950395042	54.19	1	nan	nan	nan	3	2	647	60	60	1	25.6917	25.3506	0.679674	0.277311	5.52055	-0.756763	354	6	73	4	0.08	179	181	17	60	0.00	1	0	0	1.00	0	210	0	0	0	0	0	0	0	6	1	nan
chrX	70355092	.	TTCAAGAAG	T	1	0	nan	0	nan	0	nan	0	0	0	nan	12	0	15.141048209728318	13.417414344363948	217.54	2	nan	nan	nan	3	2	941	60	60	1	26.2339	27.7681	0.994871	0.0954023	7.20896	-0.886447	865	7	67	2	0.14	367	505	26	43	0.53	0.439104	0	0	1.00	0	0	0	0	0	0	0	0	0	-8	1	nan
chrX	70360588	.	GAGC	G	0	0	nan	1	nan	0	nan	0	0	0	nan	2	0	7.072294193272941	1.8766391844678498	31.69	1	6	3	16	2	2	1289	60	60	1	26.5083	29.6154	0.999998	0.296089	3.375	0.0789106	1248	15	16	10	0.00	584	679	10	16	0.55	0.999684	0	0	1.00	0	0	0	0	0	0	0	0	0	-3	0	nan
chrX	70360679	.	GGCA	G	0	0	nan	1	nan	0	nan	0	0	0	nan	0	0	6.180310525221452	2.882655886236713	nan	nan	6	3	16	2	1	1045	60	60	1	26.6052	33	1	0.554688	nan	nan	1015	15	0	8	0.00	474	556	0	8	0.01	1.55787e-16	0	0	1.00	0	1	0	0	0	0	0	0	0	-3	1	nan
chrX	129146962	.	CG	C	1	0	nan	1	nan	0	nan	0	0	0	nan	7	1	14.149733479708182	13.975992519013953	58.63	1	6	1	5	6	4	844	60	60	1	26.1264	27.1176	0.92349	0.334177	1.34	0.00582278	784	6	49	2	0.08	499	291	28	23	0.24	0.673128	0	0	1.00	0	2	0	0	0	0	0	0	0	-1	1	nan
